V,E,sccs,boost,boostCorrected,tarjan_map,tarjan_mapCorrected,nuutila1_map,nuutila1_mapCorrected,nuutila1_iterative,nuutila1_iterativeCorrected,nuutila2_map,nuutila2_mapCorrected,nuutila2_iterative,nuutila2_iterativeCorrected,pearce1_map,pearce1_mapCorrected,pearce2_map,pearce2_mapCorrected,pearce2_iterative,pearce2_iterativeCorrected
2,0,2,2,v,2,v,2,v,10,v,2,v,2,X,1,v,1,v,2,v
2,0,2,0,v,0,v,0,v,0,v,0,v,1,X,0,v,0,v,0,v
2,0,2,0,v,0,v,0,v,0,v,0,v,1,X,0,v,0,v,0,v
2,0,2,0,v,0,v,0,v,0,v,0,v,1,X,0,v,0,v,0,v
2,0,2,0,v,0,v,0,v,0,v,0,v,1,X,0,v,0,v,0,v
2,0,2,0,v,0,v,0,v,0,v,0,v,1,X,0,v,0,v,0,v
2,0,2,0,v,0,v,0,v,0,v,0,v,1,X,0,v,0,v,0,v
2,0,2,0,v,0,v,0,v,0,v,0,v,1,X,0,v,0,v,0,v
2,0,2,0,v,0,v,0,v,0,v,0,v,1,X,0,v,0,v,0,v
2,0,2,0,v,0,v,0,v,0,v,0,v,1,X,0,v,0,v,0,v
2,0,2,0,v,0,v,0,v,0,v,0,v,1,X,0,v,0,v,0,v
2,0,2,0,v,0,v,0,v,0,v,0,v,1,X,0,v,0,v,0,v
2,0,2,0,v,0,v,0,v,0,v,0,v,1,X,0,v,0,v,0,v
2,1,2,0,v,0,v,0,v,0,v,0,v,1,X,0,v,0,v,1,v
2,1,2,0,v,0,v,0,v,0,v,0,v,1,X,0,v,0,v,0,v
3,0,3,0,v,0,v,0,v,0,v,0,v,1,X,0,v,0,v,0,v
3,0,3,0,v,0,v,0,v,0,v,0,v,1,X,0,v,0,v,0,v
3,0,3,1,v,0,v,0,v,1,v,0,v,1,X,0,v,0,v,1,v
3,0,3,0,v,0,v,0,v,0,v,0,v,1,X,0,v,0,v,0,v
3,0,3,0,v,0,v,0,v,1,v,0,v,1,X,0,v,0,v,0,v
3,0,3,0,v,0,v,0,v,0,v,0,v,1,X,0,v,0,v,0,v
3,1,3,1,v,0,v,0,v,1,v,0,v,1,X,0,v,0,v,0,v
3,1,3,1,v,0,v,0,v,1,v,0,v,1,X,0,v,0,v,1,v
3,1,3,0,v,0,v,0,v,1,v,0,v,1,X,0,v,0,v,1,v
3,1,3,0,v,0,v,0,v,1,v,0,v,1,X,0,v,0,v,1,v
3,1,3,1,v,0,v,0,v,1,v,0,v,1,X,0,v,0,v,0,v
3,2,3,0,v,1,v,0,v,1,v,0,v,1,X,0,v,0,v,1,v
3,2,3,1,v,0,v,0,v,1,v,0,v,1,X,0,v,0,v,1,v
3,2,3,0,v,0,v,0,v,1,v,0,v,1,X,0,v,0,v,1,v
3,2,2,0,v,0,v,0,v,1,v,0,v,1,X,0,v,0,v,1,v
4,0,4,1,v,0,v,0,v,1,v,0,v,1,X,0,v,0,v,1,v
4,0,4,1,v,0,v,0,v,0,v,0,v,1,X,0,v,0,v,0,v
4,0,4,1,v,0,v,0,v,0,v,0,v,1,X,0,v,0,v,0,v
4,1,4,1,v,0,v,1,v,1,v,0,v,1,X,0,v,0,v,1,v
4,1,4,1,v,0,v,1,v,1,v,0,v,1,X,0,v,0,v,0,v
4,1,4,1,v,0,v,0,v,1,v,0,v,1,X,0,v,0,v,1,v
4,2,4,1,v,0,v,1,v,1,v,0,v,1,X,0,v,0,v,1,v
4,2,4,1,v,0,v,0,v,1,v,0,v,1,X,0,v,0,v,1,v
4,2,4,1,v,0,v,1,v,1,v,0,v,1,X,0,v,0,v,1,v
4,3,4,1,v,0,v,0,v,1,v,0,v,1,X,0,v,0,v,1,v
4,3,4,1,v,0,v,0,v,1,v,0,v,1,X,0,v,0,v,1,v
4,3,4,1,v,0,v,0,v,1,v,0,v,1,X,0,v,0,v,1,v
4,3,3,1,v,0,v,1,v,1,v,0,v,1,X,0,v,0,v,1,v
4,4,2,1,v,1,v,1,v,1,v,1,X,1,X,0,v,0,v,1,v
4,4,4,1,v,0,v,0,v,1,v,0,v,1,X,0,v,0,v,1,v
5,0,5,1,v,0,v,0,v,1,v,0,v,1,X,0,v,0,v,0,v
5,0,5,1,v,0,v,0,v,1,v,0,v,1,X,0,v,0,v,1,v
5,1,5,1,v,0,v,1,v,1,v,0,v,1,X,0,v,0,v,1,v
5,1,5,1,v,0,v,1,v,1,v,0,v,1,X,0,v,0,v,1,v
5,2,5,1,v,0,v,1,v,1,v,0,v,1,X,0,v,0,v,1,v
5,2,5,1,v,0,v,0,v,1,v,0,v,1,X,0,v,0,v,1,v
5,3,5,1,v,1,v,0,v,1,v,0,v,1,X,0,v,0,v,1,v
5,3,5,1,v,0,v,0,v,1,v,0,v,1,X,0,v,0,v,1,v
5,4,5,1,v,0,v,1,v,1,v,0,v,1,X,0,v,0,v,1,v
5,4,5,1,v,1,v,0,v,1,v,0,v,1,X,0,v,0,v,1,v
5,5,4,1,v,1,v,1,v,1,v,1,X,2,X,0,v,0,v,1,v
5,5,3,1,v,1,v,1,v,1,v,0,X,1,X,0,v,0,v,1,v
5,6,4,1,v,1,v,1,v,1,v,1,X,1,X,0,v,0,v,1,v
5,6,5,1,v,1,v,1,v,1,v,0,v,1,X,0,v,0,v,1,v
5,7,4,1,v,1,v,1,v,1,v,1,X,1,X,0,v,0,v,1,v
6,0,6,1,v,0,v,0,v,1,v,0,v,1,X,0,v,0,v,1,v
6,1,6,1,v,0,v,1,v,1,v,0,v,1,X,0,v,0,v,1,v
6,1,6,1,v,0,v,1,v,1,v,0,v,1,X,0,v,0,v,1,v
6,2,6,1,v,1,v,0,v,1,v,0,v,1,X,0,v,0,v,1,v
6,3,6,1,v,1,v,0,v,1,v,0,v,1,X,0,v,0,v,1,v
6,3,6,1,v,1,v,1,v,1,v,0,v,2,X,0,v,0,v,1,v
6,4,6,1,v,1,v,1,v,1,v,0,v,1,X,0,v,0,v,1,v
6,5,6,1,v,1,v,1,v,1,v,0,v,1,X,0,v,0,v,1,v
6,6,6,1,v,1,v,0,v,1,v,0,v,1,X,0,v,0,v,1,v
6,6,6,1,v,1,v,0,v,1,v,0,v,1,X,0,v,0,v,1,v
6,7,5,1,v,1,v,1,v,1,v,1,X,1,X,0,v,0,v,1,v
6,8,6,1,v,1,v,1,v,1,v,0,v,1,X,0,v,0,v,1,v
6,8,3,1,v,1,v,1,v,1,v,1,v,1,X,0,v,0,v,1,v
6,9,5,1,v,1,v,1,v,1,v,1,X,1,X,0,v,0,v,1,v
6,10,3,1,v,1,v,1,v,1,v,1,X,2,X,1,v,0,v,1,v
7,0,7,1,v,1,v,0,v,1,v,0,v,1,X,0,v,0,v,1,v
7,1,7,1,v,1,v,0,v,1,v,0,v,1,X,0,v,0,v,1,v
7,2,7,1,v,1,v,1,v,1,v,0,v,1,X,0,v,0,v,1,v
7,3,7,1,v,1,v,0,v,1,v,1,v,1,X,0,v,0,v,1,v
7,4,7,1,v,1,v,0,v,1,v,1,v,1,X,0,v,0,v,1,v
7,5,7,1,v,1,v,0,v,1,v,0,v,1,X,0,v,0,v,1,v
7,6,6,1,v,1,v,1,v,1,v,1,X,1,X,0,v,0,v,1,v
7,7,3,1,v,1,v,1,v,1,v,1,v,2,X,1,v,0,v,1,v
7,8,7,1,v,1,v,1,v,1,v,1,v,2,X,0,v,0,v,1,v
7,9,2,1,v,1,v,1,v,1,v,1,v,2,X,1,v,0,v,1,v
7,10,6,1,v,1,v,1,v,1,v,1,X,1,X,0,v,0,v,1,v
7,11,3,1,v,1,v,1,v,2,v,1,v,2,X,1,v,0,v,2,v
7,12,3,1,v,1,v,1,v,2,v,1,X,2,X,1,v,0,v,1,v
7,13,4,1,v,1,v,1,v,2,v,1,X,2,X,1,v,0,v,2,v
7,14,5,1,v,1,v,1,v,2,v,1,X,2,X,1,v,0,v,1,v
8,0,8,1,v,0,v,0,v,1,v,0,v,1,X,0,v,0,v,1,v
8,1,8,1,v,1,v,0,v,1,v,0,v,1,X,0,v,0,v,1,v
8,3,8,1,v,1,v,1,v,1,v,0,v,1,X,0,v,0,v,1,v
8,4,8,1,v,1,v,1,v,1,v,0,v,1,X,0,v,0,v,1,v
8,5,8,1,v,1,v,1,v,1,v,1,v,1,X,0,v,0,v,1,v
8,7,8,1,v,1,v,1,v,1,v,1,v,1,X,0,v,0,v,1,v
8,8,8,1,v,1,v,1,v,1,v,1,v,1,X,0,v,0,v,1,v
8,9,7,1,v,1,v,1,v,1,v,1,X,2,X,1,v,0,v,1,v
8,10,3,1,v,1,v,1,v,1,v,1,v,2,X,1,v,0,v,1,v
8,12,3,1,v,1,v,1,v,2,v,1,v,2,X,1,v,0,v,2,v
8,13,8,1,v,1,v,1,v,1,v,1,v,2,X,1,v,0,v,1,v
8,14,5,1,v,1,v,1,v,2,v,1,X,2,X,1,v,0,v,2,v
8,15,5,1,v,1,v,1,v,1,v,1,X,2,X,1,v,0,v,2,v
8,17,1,1,v,1,v,1,v,2,v,1,v,2,X,1,v,1,v,2,v
8,18,3,1,v,1,v,1,v,2,v,1,X,2,X,1,v,1,v,2,v
9,0,9,1,v,1,v,1,v,1,v,0,v,1,X,0,v,0,v,1,v
9,2,9,1,v,1,v,1,v,1,v,1,v,1,X,0,v,0,v,1,v
9,4,9,1,v,1,v,1,v,1,v,1,v,1,X,0,v,0,v,1,v
9,5,8,1,v,1,v,1,v,1,v,1,X,1,X,0,v,0,v,1,v
9,7,9,1,v,1,v,1,v,1,v,1,v,1,X,0,v,0,v,1,v
9,8,5,1,v,1,v,1,v,1,v,1,X,2,X,1,v,0,v,1,v
9,10,7,1,v,1,v,1,v,1,v,1,X,2,X,1,v,0,v,2,v
9,12,6,1,v,1,v,1,v,2,v,1,X,2,X,1,v,0,v,2,v
9,13,7,1,v,1,v,1,v,1,v,1,X,2,X,1,v,0,v,2,v
9,15,3,1,v,1,v,1,v,1,v,1,v,2,X,1,v,1,v,2,v
9,17,4,1,v,1,v,1,v,2,v,1,X,2,X,1,v,1,v,2,v
9,18,2,1,v,1,v,1,v,2,v,1,X,2,X,1,v,1,v,2,v
9,20,4,1,v,2,v,1,v,2,v,1,v,2,X,1,v,1,v,2,v
9,21,3,1,v,1,v,1,v,2,v,1,X,2,X,1,v,0,v,2,v
9,23,2,1,v,1,v,1,v,2,v,1,v,2,X,1,v,1,v,2,v
10,0,10,1,v,1,v,1,v,1,v,0,v,1,X,0,v,0,v,1,v
10,2,10,1,v,1,v,1,v,1,v,1,v,1,X,0,v,0,v,1,v
10,4,10,1,v,1,v,1,v,1,v,1,v,1,X,0,v,0,v,1,v
10,6,9,1,v,1,v,1,v,1,v,1,X,2,X,1,v,0,v,1,v
10,8,10,1,v,1,v,1,v,1,v,1,v,2,X,1,v,0,v,1,v
10,10,7,1,v,1,v,1,v,1,v,1,X,2,X,1,v,1,v,1,v
10,12,10,1,v,1,v,1,v,1,v,1,v,2,X,1,v,0,v,2,v
10,14,8,1,v,1,v,1,v,2,v,1,X,2,X,1,v,0,v,2,v
10,16,3,1,v,1,v,1,v,2,v,1,X,2,X,1,v,1,v,2,v
10,18,4,1,v,1,v,1,v,2,v,1,X,2,X,1,v,1,v,2,v
10,20,3,1,v,1,v,1,v,2,v,1,X,2,X,1,v,1,v,2,v
10,22,2,1,v,1,v,1,v,2,v,1,X,2,X,1,v,1,v,2,v
10,24,7,2,v,1,v,1,v,2,v,1,X,2,X,1,v,1,v,2,v
10,26,2,1,v,1,v,1,v,2,v,1,v,2,X,1,v,1,v,2,v
10,28,4,1,v,1,v,1,v,2,v,1,X,3,X,1,v,1,v,2,v
11,1,11,2,v,1,v,1,v,1,v,1,v,1,X,0,v,0,v,1,v
11,3,11,1,v,1,v,1,v,1,v,1,v,1,X,0,v,0,v,1,v
11,6,11,1,v,1,v,1,v,1,v,1,v,1,X,1,v,0,v,1,v
11,8,11,1,v,1,v,1,v,1,v,1,v,2,X,1,v,0,v,1,v
11,10,11,1,v,1,v,1,v,1,v,1,v,2,X,1,v,0,v,1,v
11,13,6,1,v,1,v,1,v,2,v,1,X,2,X,1,v,1,v,2,v
11,15,6,1,v,1,v,1,v,2,v,1,X,2,X,1,v,1,v,2,v
11,18,10,1,v,1,v,1,v,2,v,1,X,2,X,1,v,1,v,2,v
11,20,5,1,v,1,v,1,v,2,v,1,X,2,X,1,v,1,v,2,v
11,22,2,1,v,1,v,1,v,2,v,1,X,2,X,1,v,1,v,2,v
11,25,2,1,v,1,v,1,v,2,v,1,v,3,X,1,v,1,v,2,v
11,27,4,1,v,2,v,1,v,2,v,1,X,3,X,1,v,1,v,2,v
11,30,1,1,v,1,v,1,v,2,v,1,v,3,X,1,v,1,v,2,v
11,32,1,1,v,2,v,1,v,2,v,1,v,3,X,1,v,1,v,2,v
11,35,3,1,v,2,v,1,v,2,v,1,v,3,X,1,v,1,v,2,v
12,1,12,2,v,1,v,1,v,1,v,1,v,1,X,0,v,0,v,1,v
12,4,12,2,v,1,v,1,v,1,v,1,v,1,X,1,v,0,v,1,v
12,7,12,2,v,1,v,1,v,1,v,1,v,2,X,1,v,0,v,1,v
12,10,12,2,v,1,v,1,v,1,v,1,v,2,X,1,v,0,v,1,v
12,12,11,2,v,1,v,1,v,2,v,1,X,2,X,1,v,1,v,2,v
12,15,10,2,v,1,v,1,v,2,v,1,X,2,X,1,v,1,v,2,v
12,18,8,2,v,1,v,1,v,2,v,1,X,2,X,1,v,1,v,2,v
12,21,8,2,v,1,v,1,v,2,v,1,X,2,X,1,v,1,v,2,v
12,24,6,2,v,2,v,1,v,2,v,1,X,2,X,1,v,1,v,2,v
12,27,1,1,v,2,v,1,v,2,v,1,v,3,X,1,v,1,v,2,v
12,30,2,1,v,2,v,1,v,2,v,1,X,3,X,1,v,1,v,2,v
12,33,2,2,v,2,v,1,v,3,v,1,X,4,X,1,v,1,v,3,v
12,35,1,1,v,2,v,1,v,3,v,1,v,3,X,1,v,1,v,3,v
12,38,3,2,v,2,v,2,v,3,v,1,X,3,X,1,v,1,v,3,v
12,41,1,2,v,2,v,2,v,3,v,1,v,4,X,1,v,1,v,3,v
13,1,13,2,v,1,v,1,v,1,v,1,v,1,X,1,v,0,v,1,v
13,5,13,2,v,1,v,1,v,2,v,1,v,2,X,1,v,1,v,1,v
13,8,12,2,v,1,v,1,v,2,v,1,X,2,X,1,v,1,v,2,v
13,11,13,2,v,1,v,1,v,2,v,1,v,2,X,1,v,0,v,2,v
13,15,12,2,v,1,v,1,v,2,v,1,X,3,X,1,v,1,v,2,v
13,18,8,2,v,1,v,1,v,2,v,1,X,3,X,1,v,1,v,2,v
13,21,3,1,v,1,v,1,v,2,v,1,X,3,X,1,v,1,v,2,v
13,25,5,2,v,1,v,2,v,2,v,1,X,3,X,1,v,1,v,2,v
13,28,3,2,v,2,v,1,v,2,v,2,X,3,X,1,v,1,v,3,v
13,32,3,2,v,2,v,2,v,2,v,1,X,3,X,1,v,1,v,3,v
13,35,3,2,v,2,v,2,v,3,v,1,X,4,X,1,v,1,v,3,v
13,38,2,2,v,2,v,2,v,3,v,1,v,3,X,1,v,1,v,3,v
13,42,1,2,v,2,v,2,v,3,v,1,v,3,X,1,v,1,v,3,v
13,45,1,2,v,2,v,2,v,3,v,1,v,3,X,1,v,1,v,3,v
13,49,1,2,v,2,v,2,v,4,v,2,v,4,X,1,v,1,v,4,v
14,1,14,2,v,1,v,1,v,1,v,1,v,1,X,1,v,0,v,1,v
14,5,14,2,v,1,v,1,v,1,v,1,v,2,X,1,v,0,v,1,v
14,9,14,2,v,1,v,1,v,2,v,1,v,2,X,1,v,1,v,1,v
14,13,11,2,v,1,v,1,v,2,v,1,X,2,X,1,v,1,v,2,v
14,17,9,2,v,2,v,1,v,2,v,1,X,3,X,1,v,1,v,2,v
14,21,9,2,v,2,v,1,v,2,v,1,X,3,X,1,v,1,v,2,v
14,25,11,2,v,2,v,1,v,2,v,1,X,3,X,1,v,1,v,2,v
14,29,7,2,v,2,v,2,v,3,v,2,X,3,X,1,v,1,v,3,v
14,33,4,2,v,2,v,2,v,2,v,2,X,3,X,1,v,1,v,3,v
14,37,1,2,v,2,v,2,v,3,v,1,v,4,X,1,v,1,v,3,v
14,41,5,2,v,2,v,2,v,3,v,2,v,3,X,1,v,1,v,3,v
14,45,1,2,v,2,v,2,v,4,v,2,v,4,X,1,v,1,v,4,v
14,48,1,2,v,2,v,2,v,3,v,2,v,4,X,2,v,1,v,3,v
14,52,2,2,v,2,v,2,v,3,v,2,X,4,X,2,v,1,v,3,v
14,56,1,2,v,2,v,2,v,4,v,2,v,4,X,1,v,1,v,4,v
15,2,15,2,v,1,v,1,v,1,v,1,v,2,X,1,v,0,v,1,v
15,6,15,2,v,1,v,1,v,1,v,1,v,2,X,1,v,0,v,1,v
15,11,15,2,v,1,v,1,v,2,v,1,v,2,X,1,v,1,v,2,v
15,15,14,2,v,2,v,1,v,2,v,1,X,2,X,1,v,1,v,2,v
15,20,8,2,v,2,v,2,v,3,v,2,X,3,X,1,v,1,v,2,v
15,24,8,2,v,2,v,2,v,2,v,1,X,3,X,1,v,1,v,3,v
15,29,12,2,v,2,v,2,v,3,v,2,X,3,X,1,v,1,v,3,v
15,33,8,2,v,2,v,2,v,3,v,2,X,3,X,2,v,1,v,3,v
15,38,3,2,v,2,v,2,v,2,v,2,v,4,X,1,v,1,v,3,v
15,42,1,2,v,2,v,2,v,3,v,1,v,4,X,7,v,1,v,3,v
15,47,2,2,v,2,v,2,v,3,v,2,X,4,X,1,v,1,v,3,v
15,51,2,2,v,2,v,2,v,3,v,2,v,4,X,2,v,1,v,4,v
15,56,1,2,v,2,v,2,v,3,v,2,v,4,X,2,v,1,v,4,v
15,60,1,2,v,2,v,2,v,4,v,2,v,5,X,2,v,1,v,4,v
15,65,4,2,v,3,v,2,v,4,v,2,X,5,X,2,v,1,v,4,v
16,2,16,2,v,1,v,1,v,2,v,1,v,2,X,1,v,0,v,1,v
16,7,16,2,v,1,v,1,v,1,v,1,v,2,X,1,v,1,v,1,v
16,12,15,2,v,2,v,1,v,2,v,1,X,2,X,1,v,1,v,2,v
16,17,12,2,v,2,v,2,v,2,v,2,X,2,X,1,v,1,v,2,v
16,23,15,2,v,2,v,1,v,3,v,1,X,3,X,1,v,1,v,2,v
16,28,15,2,v,2,v,2,v,2,v,1,X,3,X,1,v,1,v,2,v
16,33,4,2,v,2,v,2,v,3,v,2,X,3,X,2,v,1,v,3,v
16,38,5,2,v,2,v,2,v,3,v,2,X,4,X,2,v,1,v,3,v
16,43,1,2,v,2,v,2,v,3,v,2,v,4,X,2,v,1,v,3,v
16,48,2,2,v,2,v,2,v,4,v,2,X,4,X,2,v,1,v,4,v
16,53,2,2,v,2,v,2,v,4,v,2,v,4,X,2,v,1,v,4,v
16,58,1,2,v,2,v,2,v,3,v,2,v,5,X,2,v,1,v,4,v
16,63,2,2,v,3,v,2,v,3,v,2,v,4,X,2,v,1,v,4,v
16,69,1,2,v,2,v,2,v,4,v,2,v,5,X,2,v,1,v,4,v
16,74,5,3,v,3,v,2,v,4,v,2,X,6,X,2,v,1,v,5,v
17,2,17,2,v,1,v,1,v,1,v,1,v,2,X,1,v,0,v,1,v
17,8,15,2,v,1,v,1,v,2,v,1,X,2,X,1,v,1,v,2,v
17,14,15,2,v,2,v,1,v,2,v,1,v,2,X,1,v,1,v,2,v
17,20,17,2,v,2,v,1,v,2,v,1,v,3,X,1,v,1,v,2,v
17,26,12,2,v,2,v,2,v,3,v,2,X,3,X,2,v,1,v,3,v
17,31,11,3,v,2,v,2,v,3,v,2,X,3,X,2,v,1,v,3,v
17,37,11,2,v,2,v,2,v,3,v,2,X,4,X,2,v,1,v,3,v
17,43,2,2,v,2,v,2,v,3,v,2,v,4,X,2,v,2,v,3,v
17,49,4,2,v,2,v,2,v,3,v,2,X,4,X,2,v,1,v,3,v
17,54,3,2,v,2,v,2,v,4,v,2,X,5,X,2,v,1,v,4,v
17,60,2,2,v,2,v,2,v,4,v,2,X,5,X,2,v,1,v,4,v
17,66,1,2,v,2,v,2,v,4,v,2,v,5,X,2,v,1,v,4,v
17,72,1,2,v,3,v,2,v,4,v,2,v,5,X,2,v,2,v,4,v
17,78,1,3,v,3,v,2,v,4,v,2,v,6,X,2,v,2,v,5,v
17,83,1,2,v,3,v,2,v,4,v,2,v,5,X,2,v,1,v,5,v
18,3,18,2,v,2,v,1,v,2,v,1,v,2,X,1,v,1,v,2,v
18,9,17,2,v,2,v,1,v,2,v,1,X,2,X,1,v,1,v,2,v
18,16,16,2,v,2,v,2,v,2,v,1,X,3,X,1,v,1,v,2,v
18,22,18,2,v,2,v,1,v,2,v,1,v,3,X,1,v,1,v,2,v
18,29,7,2,v,2,v,2,v,3,v,2,X,3,X,2,v,1,v,3,v
18,35,4,2,v,2,v,2,v,4,v,2,X,4,X,2,v,1,v,4,v
18,42,6,2,v,3,v,2,v,3,v,2,X,4,X,2,v,1,v,3,v
18,48,3,2,v,2,v,2,v,4,v,2,X,4,X,2,v,1,v,4,v
18,55,4,2,v,3,v,2,v,4,v,2,X,4,X,2,v,1,v,4,v
18,61,1,2,v,2,v,2,v,4,v,2,v,5,X,2,v,1,v,4,v
18,68,2,3,v,3,v,2,v,4,v,2,v,5,X,2,v,2,v,4,v
18,74,2,2,v,3,v,2,v,4,v,3,v,5,X,2,v,2,v,5,v
18,80,2,2,v,3,v,2,v,4,v,2,v,6,X,2,v,2,v,5,v
18,87,1,2,v,3,v,3,v,4,v,2,v,6,X,2,v,2,v,5,v
18,93,1,2,v,3,v,2,v,16,v,3,v,6,X,2,v,2,v,5,v
19,3,19,3,v,1,v,1,v,2,v,1,v,2,X,1,v,0,v,1,v
19,10,19,3,v,2,v,1,v,2,v,1,v,2,X,1,v,1,v,2,v
19,18,17,3,v,2,v,2,v,3,v,2,X,3,X,1,v,1,v,3,v
19,25,16,3,v,2,v,2,v,3,v,2,X,4,X,2,v,1,v,3,v
19,32,11,3,v,2,v,2,v,3,v,2,X,4,X,2,v,1,v,3,v
19,39,1,2,v,2,v,2,v,4,v,2,v,4,X,2,v,1,v,4,v
19,46,7,3,v,2,v,2,v,4,v,2,X,5,X,2,v,1,v,4,v
19,54,4,3,v,3,v,2,v,3,v,2,X,5,X,2,v,2,v,4,v
19,61,3,3,v,3,v,2,v,5,v,3,X,5,X,2,v,1,v,5,v
19,68,3,2,v,3,v,2,v,4,v,2,X,5,X,2,v,2,v,4,v
19,75,2,3,v,3,v,2,v,4,v,3,v,5,X,2,v,2,v,5,v
19,83,1,2,v,3,v,2,v,4,v,2,v,6,X,2,v,2,v,5,v
19,90,1,3,v,3,v,2,v,4,v,2,v,6,X,2,v,2,v,5,v
19,97,1,3,v,3,v,3,v,5,v,2,v,6,X,2,v,2,v,5,v
19,104,1,3,v,3,v,3,v,5,v,3,v,6,X,2,v,2,v,5,v
20,3,20,2,v,1,v,1,v,2,v,1,v,2,X,1,v,1,v,2,v
20,11,20,2,v,2,v,1,v,2,v,1,v,2,X,1,v,1,v,2,v
20,19,18,3,v,2,v,2,v,2,v,2,X,3,X,1,v,1,v,2,v
20,27,8,3,v,2,v,2,v,3,v,2,v,4,X,2,v,1,v,3,v
20,35,11,3,v,2,v,2,v,3,v,2,X,4,X,2,v,1,v,4,v
20,43,9,3,v,2,v,2,v,4,v,2,X,5,X,2,v,1,v,4,v
20,51,7,3,v,3,v,2,v,4,v,3,X,5,X,2,v,2,v,4,v
20,59,3,3,v,3,v,2,v,5,v,2,X,5,X,2,v,2,v,5,v
20,67,3,3,v,3,v,2,v,4,v,2,X,5,X,2,v,2,v,4,v
20,75,2,2,v,3,v,2,v,4,v,2,v,5,X,2,v,2,v,5,v
20,83,1,3,v,3,v,2,v,5,v,2,v,6,X,2,v,2,v,5,v
20,91,3,3,v,3,v,2,v,5,v,3,X,6,X,2,v,2,v,5,v
20,99,2,3,v,3,v,3,v,6,v,3,X,7,X,3,v,2,v,6,v
20,107,1,3,v,3,v,3,v,5,v,3,v,6,X,2,v,2,v,6,v
20,115,1,3,v,3,v,3,v,5,v,2,v,7,X,2,v,2,v,6,v
21,4,21,3,v,1,v,1,v,2,v,1,v,2,X,1,v,1,v,2,v
21,13,21,3,v,2,v,1,v,2,v,1,v,2,X,1,v,1,v,2,v
21,22,21,2,v,2,v,2,v,2,v,2,v,3,X,1,v,1,v,2,v
21,30,17,2,v,2,v,2,v,3,v,2,X,4,X,2,v,1,v,3,v
21,39,10,3,v,2,v,2,v,3,v,2,X,4,X,2,v,1,v,3,v
21,48,9,3,v,3,v,2,v,5,v,2,X,5,X,2,v,2,v,5,v
21,57,7,3,v,3,v,2,v,5,v,2,X,6,X,2,v,2,v,5,v
21,66,2,3,v,3,v,3,v,4,v,3,X,5,X,2,v,2,v,5,v
21,74,1,3,v,3,v,2,v,5,v,2,v,6,X,2,v,2,v,5,v
21,83,1,3,v,3,v,2,v,5,v,3,v,6,X,2,v,2,v,5,v
21,92,1,2,v,3,v,3,v,5,v,3,v,6,X,2,v,2,v,5,v
21,101,1,3,v,3,v,3,v,5,v,3,v,6,X,2,v,2,v,5,v
21,110,1,3,v,3,v,3,v,5,v,3,v,7,X,2,v,2,v,6,v
21,119,1,3,v,3,v,3,v,6,v,3,v,7,X,2,v,2,v,7,v
21,127,2,3,v,4,v,3,v,6,v,3,v,7,X,3,v,2,v,7,v
22,4,22,3,v,2,v,1,v,2,v,1,v,2,X,1,v,1,v,2,v
22,14,22,3,v,2,v,2,v,2,v,1,v,3,X,1,v,1,v,2,v
22,24,18,3,v,2,v,2,v,3,v,2,X,3,X,2,v,1,v,3,v
22,33,9,2,v,2,v,2,v,3,v,2,X,4,X,2,v,2,v,3,v
22,43,7,3,v,3,v,2,v,4,v,2,X,5,X,2,v,2,v,4,v
22,53,5,3,v,3,v,3,v,4,v,2,X,5,X,2,v,2,v,4,v
22,62,2,3,v,3,v,2,v,5,v,2,v,6,X,2,v,2,v,5,v
22,72,3,3,v,3,v,3,v,4,v,2,X,6,X,2,v,2,v,5,v
22,82,1,3,v,3,v,3,v,5,v,3,v,6,X,3,v,2,v,6,v
22,91,1,4,v,3,v,3,v,5,v,3,v,6,X,2,v,2,v,6,v
22,101,1,3,v,3,v,3,v,5,v,3,v,6,X,2,v,2,v,6,v
22,111,2,3,v,3,v,3,v,5,v,3,v,7,X,3,v,2,v,6,v
22,120,1,3,v,3,v,3,v,5,v,3,v,7,X,3,v,2,v,6,v
22,130,1,3,v,4,v,3,v,6,v,3,v,8,X,3,v,2,v,7,v
22,140,1,3,v,4,v,3,v,6,v,3,v,7,X,3,v,2,v,7,v
23,5,23,3,v,2,v,2,v,2,v,1,v,2,X,1,v,1,v,2,v
23,15,22,3,v,2,v,2,v,2,v,2,X,3,X,1,v,1,v,2,v
23,26,21,3,v,2,v,2,v,3,v,2,X,4,X,2,v,1,v,3,v
23,37,22,3,v,3,v,2,v,3,v,2,v,4,X,2,v,12,v,4,v
23,47,6,3,v,3,v,3,v,5,v,3,X,6,X,3,v,2,v,5,v
23,58,6,3,v,3,v,3,v,4,v,3,X,5,X,2,v,2,v,5,v
23,68,3,3,v,3,v,3,v,5,v,2,v,6,X,2,v,2,v,6,v
23,79,2,3,v,3,v,3,v,5,v,3,X,6,X,2,v,2,v,5,v
23,89,1,3,v,3,v,3,v,5,v,3,v,6,X,2,v,2,v,5,v
23,100,2,4,v,3,v,3,v,5,v,3,X,7,X,3,v,2,v,6,v
23,111,2,3,v,3,v,3,v,6,v,3,v,7,X,3,v,2,v,7,v
23,121,1,3,v,3,v,3,v,5,v,3,v,7,X,3,v,2,v,6,v
23,132,1,3,v,4,v,3,v,8,v,3,v,9,X,3,v,2,v,8,v
23,142,1,4,v,4,v,3,v,7,v,3,v,8,X,3,v,2,v,8,v
23,153,1,4,v,4,v,3,v,7,v,3,v,9,X,3,v,2,v,8,v
24,5,24,3,v,2,v,1,v,2,v,1,v,2,X,1,v,1,v,2,v
24,17,23,3,v,2,v,2,v,3,v,2,X,3,X,2,v,1,v,3,v
24,28,18,3,v,2,v,2,v,3,v,2,X,4,X,2,v,2,v,3,v
24,40,19,3,v,3,v,2,v,3,v,2,X,5,X,2,v,2,v,4,v
24,51,11,3,v,3,v,3,v,5,v,3,X,6,X,2,v,2,v,5,v
24,63,5,3,v,3,v,3,v,4,v,3,X,6,X,3,v,2,v,5,v
24,74,2,3,v,3,v,3,v,5,v,3,X,6,X,2,v,2,v,5,v
24,86,4,4,v,3,v,3,v,6,v,3,X,7,X,3,v,2,v,6,v
24,97,2,3,v,3,v,3,v,5,v,3,X,7,X,3,v,2,v,6,v
24,109,1,3,v,3,v,3,v,6,v,3,v,7,X,3,v,2,v,6,v
24,120,2,3,v,4,v,3,v,5,v,3,v,7,X,3,v,2,v,7,v
24,132,1,3,v,4,v,3,v,6,v,3,v,7,X,3,v,2,v,7,v
24,143,1,3,v,4,v,3,v,7,v,3,v,8,X,3,v,2,v,8,v
24,155,1,4,v,4,v,3,v,7,v,3,v,8,X,3,v,2,v,8,v
24,167,1,4,v,4,v,4,v,8,v,4,v,10,X,3,v,3,v,9,v
25,6,25,3,v,2,v,2,v,2,v,1,v,2,X,1,v,1,v,2,v
25,18,23,3,v,3,v,2,v,3,v,2,X,3,X,2,v,1,v,3,v
25,31,17,3,v,3,v,2,v,3,v,2,X,4,X,2,v,2,v,4,v
25,43,14,3,v,3,v,2,v,4,v,2,v,5,X,2,v,2,v,5,v
25,56,7,4,v,3,v,3,v,5,v,3,X,6,X,3,v,2,v,5,v
25,68,6,3,v,3,v,3,v,5,v,3,X,6,X,3,v,2,v,5,v
25,81,1,3,v,3,v,3,v,5,v,3,v,6,X,3,v,2,v,6,v
25,93,1,3,v,3,v,3,v,5,v,3,v,7,X,3,v,2,v,6,v
25,106,1,3,v,3,v,3,v,5,v,3,v,7,X,3,v,2,v,6,v
25,118,1,3,v,4,v,3,v,6,v,3,v,7,X,3,v,2,v,7,v
25,131,1,3,v,4,v,3,v,6,v,3,v,8,X,3,v,2,v,7,v
25,143,1,4,v,4,v,3,v,7,v,4,v,9,X,3,v,3,v,8,v
25,156,1,4,v,4,v,4,v,8,v,3,v,10,X,3,v,3,v,9,v
25,168,1,4,v,5,v,4,v,8,v,3,v,10,X,3,v,3,v,9,v
25,181,1,4,v,5,v,4,v,8,v,4,v,10,X,3,v,3,v,9,v
26,6,26,4,v,2,v,2,v,2,v,1,v,2,X,1,v,1,v,2,v
26,20,23,3,v,3,v,2,v,3,v,2,X,3,X,2,v,1,v,3,v
26,33,20,3,v,3,v,2,v,3,v,2,X,4,X,2,v,2,v,4,v
26,47,13,3,v,3,v,3,v,4,v,3,X,5,X,2,v,2,v,4,v
26,60,8,3,v,3,v,3,v,5,v,3,X,6,X,3,v,2,v,5,v
26,74,4,4,v,3,v,3,v,5,v,3,X,6,X,3,v,2,v,5,v
26,87,2,3,v,4,v,3,v,5,v,3,v,7,X,3,v,2,v,6,v
26,101,3,4,v,4,v,3,v,7,v,3,X,8,X,3,v,2,v,7,v
26,114,1,4,v,4,v,3,v,6,v,3,v,7,X,3,v,2,v,17,v
26,128,1,4,v,4,v,3,v,6,v,3,v,8,X,3,v,3,v,7,v
26,141,1,4,v,4,v,3,v,7,v,3,v,9,X,3,v,3,v,8,v
26,155,1,4,v,4,v,4,v,7,v,3,v,9,X,3,v,3,v,8,v
26,168,1,4,v,4,v,3,v,7,v,3,v,9,X,3,v,2,v,8,v
26,182,1,4,v,5,v,4,v,9,v,4,v,10,X,4,v,3,v,10,v
26,196,1,4,v,5,v,4,v,9,v,4,v,11,X,4,v,3,v,10,v
27,7,27,4,v,2,v,2,v,2,v,2,v,3,X,1,v,1,v,2,v
27,21,27,3,v,3,v,2,v,3,v,2,v,3,X,2,v,1,v,3,v
27,36,25,3,v,3,v,2,v,4,v,2,X,4,X,2,v,1,v,4,v
27,51,12,3,v,3,v,3,v,4,v,3,X,5,X,3,v,2,v,5,v
27,65,7,4,v,4,v,3,v,5,v,3,X,6,X,3,v,2,v,6,v
27,80,6,4,v,4,v,3,v,6,v,3,X,7,X,3,v,2,v,6,v
27,94,3,3,v,4,v,3,v,6,v,3,X,7,X,3,v,3,v,6,v
27,109,1,4,v,4,v,3,v,5,v,3,v,7,X,3,v,2,v,6,v
27,123,1,5,v,4,v,4,v,7,v,4,v,8,X,3,v,3,v,8,v
27,138,1,4,v,4,v,4,v,7,v,3,v,8,X,3,v,3,v,7,v
27,153,1,4,v,4,v,3,v,8,v,3,v,9,X,3,v,3,v,8,v
27,167,1,4,v,5,v,4,v,8,v,4,v,10,X,4,v,3,v,9,v
27,182,1,4,v,4,v,4,v,8,v,4,v,10,X,3,v,3,v,9,v
27,196,1,4,v,5,v,4,v,9,v,4,v,11,X,4,v,3,v,10,v
27,211,1,4,v,5,v,4,v,9,v,4,v,12,X,4,v,3,v,11,v
28,7,28,4,v,2,v,2,v,2,v,2,v,2,X,1,v,1,v,2,v
28,23,27,4,v,3,v,2,v,3,v,2,X,4,X,2,v,1,v,3,v
28,39,25,4,v,3,v,3,v,4,v,2,X,5,X,2,v,2,v,4,v
28,54,13,5,v,3,v,3,v,5,v,3,X,6,X,3,v,2,v,5,v
28,70,7,4,v,4,v,3,v,5,v,3,X,6,X,3,v,2,v,6,v
28,86,8,4,v,4,v,3,v,5,v,4,X,7,X,3,v,2,v,6,v
28,101,1,3,v,3,v,3,v,6,v,3,v,7,X,3,v,2,v,7,v
28,117,2,4,v,4,v,4,v,6,v,3,X,8,X,3,v,3,v,7,v
28,133,1,4,v,4,v,4,v,7,v,4,v,8,X,3,v,3,v,8,v
28,148,1,4,v,4,v,4,v,6,v,4,v,8,X,4,v,3,v,8,v
28,164,2,4,v,5,v,4,v,8,v,4,v,9,X,4,v,3,v,9,v
28,180,1,4,v,4,v,4,v,7,v,4,v,10,X,4,v,3,v,9,v
28,195,1,5,v,5,v,4,v,8,v,4,v,10,X,4,v,3,v,9,v
28,211,2,4,v,5,v,4,v,9,v,4,v,11,X,4,v,3,v,10,v
28,227,1,4,v,5,v,4,v,9,v,4,v,12,X,4,v,3,v,11,v
29,8,29,4,v,2,v,2,v,3,v,2,v,3,X,2,v,1,v,2,v
29,25,27,4,v,3,v,2,v,3,v,2,X,4,X,2,v,2,v,3,v
29,42,29,4,v,3,v,2,v,4,v,2,v,5,X,2,v,2,v,4,v
29,58,10,4,v,3,v,3,v,5,v,3,X,6,X,3,v,2,v,5,v
29,75,4,4,v,4,v,3,v,6,v,3,X,7,X,3,v,2,v,6,v
29,92,6,4,v,4,v,3,v,6,v,3,X,7,X,3,v,3,v,7,v
29,109,3,4,v,4,v,4,v,7,v,4,X,8,X,3,v,3,v,7,v
29,126,2,4,v,5,v,4,v,7,v,4,X,9,X,3,v,3,v,8,v
29,142,1,4,v,4,v,4,v,8,v,4,v,10,X,3,v,3,v,9,v
29,159,1,4,v,5,v,4,v,8,v,4,v,9,X,4,v,3,v,9,v
29,176,1,4,v,4,v,4,v,9,v,4,v,10,X,4,v,3,v,9,v
29,193,1,4,v,5,v,4,v,8,v,4,v,10,X,4,v,3,v,10,v
29,210,1,4,v,5,v,4,v,10,v,4,v,12,X,4,v,3,v,11,v
29,227,1,5,v,6,v,5,v,11,v,4,v,13,X,4,v,4,v,12,v
29,243,1,5,v,6,v,5,v,10,v,4,v,13,X,4,v,3,v,12,v
30,8,30,4,v,3,v,2,v,3,v,2,v,3,X,2,v,1,v,2,v
30,26,29,4,v,3,v,2,v,3,v,2,X,4,X,2,v,2,v,3,v
30,44,30,4,v,3,v,3,v,4,v,2,v,5,X,2,v,2,v,4,v
30,62,19,4,v,4,v,4,v,5,v,3,X,6,X,3,v,2,v,5,v
30,80,6,4,v,4,v,3,v,5,v,3,X,7,X,3,v,2,v,6,v
30,98,5,4,v,4,v,4,v,7,v,4,X,9,X,3,v,3,v,7,v
30,116,6,4,v,5,v,4,v,6,v,4,X,8,X,3,v,3,v,7,v
30,134,2,4,v,5,v,4,v,7,v,4,v,9,X,3,v,3,v,8,v
30,152,1,4,v,4,v,4,v,7,v,4,v,9,X,3,v,3,v,8,v
30,170,1,4,v,5,v,4,v,8,v,4,v,10,X,4,v,3,v,9,v
30,188,1,4,v,5,v,4,v,9,v,4,v,11,X,4,v,3,v,10,v
30,206,1,4,v,5,v,4,v,10,v,4,v,12,X,4,v,3,v,11,v
30,224,1,4,v,5,v,4,v,9,v,4,v,12,X,4,v,3,v,11,v
30,242,1,5,v,6,v,5,v,11,v,4,v,13,X,5,v,4,v,12,v
30,260,1,5,v,6,v,5,v,10,v,5,v,13,X,5,v,4,v,12,v
31,9,31,4,v,2,v,2,v,3,v,2,v,3,X,2,v,1,v,2,v
31,28,31,4,v,3,v,2,v,3,v,2,v,4,X,2,v,2,v,3,v
31,48,13,4,v,3,v,3,v,6,v,3,X,6,X,3,v,2,v,6,v
31,67,13,5,v,4,v,3,v,6,v,3,X,7,X,3,v,3,v,6,v
31,86,9,4,v,4,v,4,v,7,v,4,X,8,X,4,v,3,v,7,v
31,105,2,4,v,4,v,4,v,6,v,3,v,8,X,3,v,3,v,7,v
31,124,2,4,v,4,v,4,v,7,v,4,v,9,X,3,v,3,v,8,v
31,144,3,4,v,5,v,4,v,7,v,4,v,9,X,3,v,3,v,8,v
31,163,1,5,v,5,v,4,v,7,v,4,v,9,X,4,v,3,v,9,v
31,182,2,5,v,5,v,5,v,8,v,4,X,11,X,4,v,3,v,9,v
31,201,1,5,v,5,v,4,v,9,v,4,v,11,X,4,v,3,v,10,v
31,221,1,5,v,5,v,4,v,9,v,4,v,11,X,4,v,3,v,10,v
31,240,1,5,v,6,v,5,v,10,v,5,v,45,X,5,v,4,v,12,v
31,259,1,6,v,6,v,5,v,12,v,5,v,13,X,4,v,4,v,12,v
31,278,1,6,v,6,v,5,v,12,v,5,v,15,X,4,v,4,v,13,v
32,10,32,4,v,3,v,2,v,3,v,2,v,3,X,2,v,1,v,3,v
32,30,31,4,v,3,v,2,v,4,v,2,X,4,X,2,v,2,v,4,v
32,51,19,5,v,4,v,3,v,5,v,3,X,6,X,3,v,2,v,5,v
32,71,8,4,v,4,v,4,v,6,v,4,X,7,X,4,v,3,v,6,v
32,92,10,5,v,5,v,4,v,6,v,4,X,7,X,4,v,3,v,7,v
32,112,5,4,v,5,v,4,v,7,v,4,v,8,X,4,v,3,v,7,v
32,133,2,5,v,4,v,4,v,6,v,4,v,8,X,4,v,3,v,8,v
32,153,1,4,v,5,v,4,v,8,v,4,v,10,X,4,v,3,v,9,v
32,174,1,5,v,5,v,5,v,9,v,4,v,11,X,4,v,3,v,10,v
32,194,1,5,v,5,v,5,v,9,v,4,v,11,X,4,v,3,v,10,v
32,215,1,5,v,5,v,5,v,10,v,4,v,12,X,4,v,3,v,11,v
32,235,1,5,v,6,v,5,v,10,v,4,v,13,X,4,v,4,v,11,v
32,255,1,5,v,6,v,5,v,11,v,5,v,13,X,5,v,4,v,12,v
32,276,1,5,v,6,v,5,v,11,v,5,v,14,X,5,v,4,v,13,v
32,296,1,5,v,6,v,5,v,11,v,5,v,14,X,5,v,4,v,13,v
33,10,33,4,v,3,v,2,v,3,v,2,v,3,X,2,v,1,v,2,v
33,32,33,5,v,3,v,2,v,3,v,2,v,5,X,2,v,2,v,4,v
33,54,24,5,v,4,v,3,v,5,v,3,X,6,X,3,v,2,v,5,v
33,76,7,4,v,4,v,3,v,5,v,3,X,7,X,3,v,3,v,6,v
33,98,3,5,v,5,v,4,v,7,v,4,X,9,X,4,v,3,v,7,v
33,119,1,4,v,5,v,4,v,7,v,4,v,8,X,4,v,3,v,7,v
33,141,4,5,v,5,v,4,v,8,v,4,v,10,X,4,v,3,v,9,v
33,163,1,5,v,5,v,4,v,8,v,4,v,10,X,4,v,3,v,9,v
33,185,1,5,v,5,v,4,v,8,v,4,v,10,X,4,v,3,v,9,v
33,206,1,5,v,5,v,5,v,9,v,4,v,11,X,4,v,3,v,10,v
33,228,1,5,v,6,v,5,v,10,v,5,v,12,X,4,v,4,v,11,v
33,250,1,5,v,6,v,5,v,10,v,5,v,13,X,4,v,4,v,12,v
33,272,1,5,v,6,v,5,v,11,v,5,v,14,X,5,v,4,v,13,v
33,294,1,5,v,7,v,5,v,11,v,5,v,24,X,5,v,4,v,13,v
33,315,1,6,v,7,v,5,v,12,v,5,v,15,X,5,v,4,v,14,v
34,11,34,4,v,3,v,2,v,3,v,2,v,3,X,2,v,1,v,3,v
34,34,34,4,v,3,v,3,v,4,v,2,v,5,X,2,v,2,v,4,v
34,57,19,6,v,4,v,3,v,5,v,4,X,6,X,3,v,3,v,5,v
34,80,7,5,v,4,v,4,v,6,v,4,X,8,X,4,v,3,v,6,v
34,104,5,5,v,5,v,4,v,8,v,4,X,9,X,4,v,3,v,8,v
34,127,3,5,v,5,v,4,v,7,v,4,X,9,X,4,v,3,v,8,v
34,150,1,5,v,5,v,5,v,8,v,4,v,10,X,4,v,3,v,9,v
34,173,2,5,v,5,v,4,v,9,v,4,v,11,X,4,v,3,v,10,v
34,196,1,5,v,6,v,5,v,8,v,4,v,11,X,4,v,4,v,10,v
34,219,1,6,v,6,v,5,v,9,v,5,v,11,X,4,v,4,v,10,v
34,242,1,5,v,6,v,5,v,11,v,5,v,13,X,5,v,4,v,12,v
34,265,1,5,v,6,v,5,v,12,v,5,v,14,X,5,v,4,v,13,v
34,288,1,5,v,6,v,5,v,11,v,5,v,14,X,5,v,4,v,13,v
34,312,1,5,v,7,v,5,v,12,v,5,v,15,X,5,v,4,v,14,v
34,335,1,6,v,7,v,6,v,13,v,6,v,16,X,5,v,4,v,15,v
35,12,35,5,v,3,v,2,v,3,v,2,v,3,X,2,v,1,v,3,v
35,36,35,5,v,4,v,3,v,4,v,3,v,5,X,2,v,2,v,4,v
35,61,17,6,v,4,v,4,v,6,v,3,X,7,X,3,v,3,v,6,v
35,85,5,4,v,4,v,4,v,7,v,4,X,8,X,4,v,3,v,7,v
35,110,5,5,v,5,v,4,v,8,v,4,X,9,X,4,v,3,v,8,v
35,134,2,5,v,5,v,4,v,8,v,4,v,9,X,4,v,3,v,9,v
35,159,2,5,v,5,v,4,v,8,v,4,X,10,X,4,v,4,v,9,v
35,183,1,5,v,5,v,5,v,9,v,4,v,11,X,4,v,3,v,10,v
35,208,1,5,v,6,v,5,v,9,v,5,v,12,X,4,v,4,v,11,v
35,232,1,5,v,5,v,5,v,10,v,5,v,13,X,4,v,4,v,11,v
35,257,1,5,v,6,v,5,v,12,v,5,v,14,X,5,v,4,v,13,v
35,281,1,5,v,7,v,5,v,11,v,5,v,14,X,5,v,4,v,13,v
35,306,1,6,v,7,v,5,v,12,v,6,v,15,X,5,v,4,v,14,v
35,330,1,6,v,7,v,6,v,13,v,5,v,16,X,5,v,4,v,15,v
35,355,1,7,v,8,v,6,v,14,v,6,v,17,X,12,v,5,v,16,v
36,12,36,5,v,3,v,2,v,3,v,2,v,4,X,2,v,2,v,3,v
36,38,36,5,v,4,v,3,v,4,v,3,v,5,X,3,v,2,v,4,v
36,64,16,6,v,4,v,4,v,6,v,4,X,7,X,4,v,3,v,6,v
36,90,11,6,v,5,v,4,v,7,v,4,X,8,X,4,v,3,v,7,v
36,116,4,5,v,5,v,4,v,7,v,4,v,9,X,4,v,3,v,8,v
36,142,2,5,v,5,v,4,v,8,v,4,v,9,X,4,v,3,v,9,v
36,168,1,5,v,5,v,4,v,8,v,4,v,10,X,4,v,3,v,9,v
36,194,1,5,v,6,v,5,v,9,v,5,v,11,X,4,v,4,v,10,v
36,220,1,5,v,6,v,5,v,10,v,5,v,12,X,5,v,4,v,11,v
36,246,1,5,v,6,v,5,v,11,v,5,v,14,X,5,v,4,v,13,v
36,272,1,6,v,6,v,5,v,12,v,5,v,15,X,5,v,4,v,13,v
36,298,1,6,v,7,v,6,v,13,v,6,v,16,X,5,v,4,v,14,v
36,323,1,6,v,7,v,6,v,14,v,5,v,17,X,5,v,4,v,15,v
36,349,1,6,v,7,v,6,v,15,v,6,v,18,X,5,v,4,v,17,v
36,375,1,6,v,7,v,6,v,16,v,6,v,19,X,6,v,5,v,18,v
37,13,37,5,v,3,v,2,v,3,v,2,v,4,X,2,v,1,v,3,v
37,41,24,7,v,4,v,3,v,6,v,4,X,7,X,3,v,3,v,6,v
37,68,19,6,v,5,v,4,v,6,v,4,X,7,X,4,v,3,v,7,v
37,95,7,6,v,5,v,4,v,7,v,4,X,8,X,4,v,3,v,7,v
37,123,4,5,v,5,v,5,v,8,v,5,X,10,X,4,v,3,v,8,v
37,150,3,5,v,6,v,4,v,10,v,5,X,11,X,4,v,3,v,10,v
37,177,1,5,v,5,v,5,v,9,v,4,v,11,X,4,v,3,v,10,v
37,205,2,5,v,6,v,5,v,10,v,5,X,12,X,15,v,4,v,12,v
37,232,1,5,v,6,v,5,v,11,v,5,v,13,X,5,v,4,v,12,v
37,260,1,6,v,7,v,5,v,11,v,5,v,14,X,5,v,4,v,13,v
37,287,1,7,v,7,v,6,v,12,v,5,v,15,X,5,v,4,v,13,v
37,314,1,6,v,7,v,5,v,13,v,5,v,16,X,5,v,4,v,15,v
37,342,1,6,v,8,v,6,v,16,v,6,v,18,X,6,v,5,v,17,v
37,369,1,6,v,8,v,6,v,15,v,6,v,19,X,6,v,5,v,17,v
37,397,1,7,v,8,v,6,v,15,v,6,v,19,X,6,v,5,v,18,v
38,14,37,5,v,3,v,3,v,3,v,3,X,4,X,2,v,2,v,3,v
38,43,36,5,v,4,v,3,v,4,v,3,X,6,X,3,v,2,v,5,v
38,72,21,6,v,5,v,4,v,7,v,4,X,8,X,4,v,3,v,7,v
38,101,15,6,v,5,v,4,v,8,v,4,X,10,X,5,v,3,v,9,v
38,129,5,5,v,5,v,5,v,8,v,5,X,10,X,4,v,3,v,9,v
38,158,1,5,v,5,v,5,v,9,v,5,v,10,X,4,v,4,v,9,v
38,187,2,5,v,6,v,5,v,9,v,5,X,11,X,5,v,4,v,10,v
38,216,1,5,v,6,v,5,v,10,v,5,v,12,X,5,v,4,v,12,v
38,245,1,5,v,6,v,5,v,10,v,5,v,13,X,5,v,4,v,12,v
38,274,1,6,v,7,v,6,v,12,v,5,v,15,X,5,v,4,v,14,v
38,303,1,7,v,7,v,6,v,13,v,6,v,16,X,5,v,4,v,15,v
38,332,1,7,v,7,v,6,v,15,v,6,v,18,X,6,v,4,v,16,v
38,360,1,6,v,8,v,6,v,15,v,6,v,18,X,6,v,5,v,17,v
38,389,1,7,v,8,v,6,v,16,v,6,v,19,X,6,v,5,v,18,v
38,418,1,7,v,9,v,7,v,16,v,6,v,20,X,6,v,5,v,19,v
39,15,39,5,v,3,v,3,v,3,v,2,v,4,X,2,v,2,v,3,v
39,45,28,5,v,4,v,4,v,5,v,4,X,6,X,3,v,3,v,5,v
39,76,14,6,v,5,v,4,v,7,v,4,X,8,X,4,v,3,v,7,v
39,106,11,6,v,5,v,4,v,7,v,4,X,9,X,5,v,3,v,8,v
39,136,4,6,v,6,v,5,v,9,v,5,X,10,X,5,v,4,v,9,v
39,167,1,5,v,6,v,5,v,9,v,5,v,11,X,5,v,4,v,10,v
39,197,3,5,v,6,v,5,v,11,v,5,X,13,X,5,v,4,v,12,v
39,228,1,5,v,6,v,5,v,11,v,5,v,14,X,5,v,4,v,12,v
39,258,1,6,v,7,v,6,v,12,v,6,v,14,X,6,v,4,v,13,v
39,288,1,6,v,7,v,6,v,12,v,5,v,15,X,6,v,4,v,14,v
39,319,1,7,v,7,v,6,v,13,v,6,v,16,X,6,v,4,v,15,v
39,349,1,6,v,8,v,6,v,14,v,6,v,18,X,6,v,5,v,16,v
39,380,1,7,v,8,v,6,v,15,v,6,v,19,X,6,v,5,v,17,v
39,410,1,8,v,8,v,7,v,16,v,7,v,20,X,6,v,5,v,18,v
39,441,1,8,v,9,v,7,v,18,v,7,v,22,X,7,v,5,v,20,v
40,15,40,5,v,3,v,3,v,4,v,3,v,4,X,2,v,2,v,3,v
40,47,39,6,v,4,v,3,v,5,v,3,X,6,X,3,v,2,v,5,v
40,79,12,6,v,5,v,4,v,7,v,4,X,8,X,5,v,3,v,8,v
40,111,9,6,v,5,v,4,v,8,v,5,X,10,X,4,v,3,v,8,v
40,143,3,6,v,6,v,5,v,9,v,5,X,11,X,5,v,4,v,9,v
40,175,3,6,v,6,v,5,v,11,v,5,X,13,X,5,v,4,v,12,v
40,207,1,5,v,6,v,5,v,11,v,5,v,13,X,5,v,4,v,12,v
40,239,1,6,v,7,v,5,v,11,v,5,v,13,X,5,v,4,v,13,v
40,271,1,6,v,7,v,6,v,13,v,6,v,16,X,6,v,4,v,14,v
40,303,1,7,v,7,v,6,v,12,v,6,v,15,X,6,v,5,v,14,v
40,335,1,6,v,7,v,6,v,15,v,6,v,18,X,6,v,5,v,16,v
40,367,1,7,v,8,v,7,v,15,v,6,v,19,X,6,v,5,v,17,v
40,399,1,7,v,9,v,7,v,15,v,6,v,19,X,6,v,5,v,18,v
40,431,2,8,v,9,v,7,v,16,v,7,v,21,X,7,v,5,v,19,v
40,463,1,8,v,9,v,7,v,18,v,7,v,22,X,7,v,6,v,20,v
41,16,41,5,v,3,v,3,v,4,v,2,v,4,X,2,v,2,v,3,v
41,50,39,5,v,4,v,3,v,5,v,3,X,6,X,3,v,3,v,5,v
41,84,18,7,v,5,v,4,v,7,v,4,X,9,X,4,v,4,v,7,v
41,117,4,5,v,5,v,4,v,8,v,4,X,10,X,5,v,4,v,9,v
41,151,3,6,v,6,v,5,v,10,v,5,X,12,X,4,v,4,v,10,v
41,184,1,6,v,6,v,5,v,11,v,5,v,12,X,5,v,4,v,12,v
41,218,1,6,v,6,v,5,v,10,v,5,v,12,X,5,v,4,v,11,v
41,252,1,6,v,6,v,5,v,11,v,5,v,14,X,5,v,4,v,13,v
41,285,1,7,v,7,v,6,v,12,v,6,v,15,X,6,v,5,v,14,v
41,319,1,7,v,8,v,6,v,13,v,6,v,16,X,6,v,5,v,15,v
41,353,1,7,v,8,v,6,v,14,v,6,v,17,X,6,v,5,v,16,v
41,386,1,7,v,8,v,7,v,15,v,6,v,19,X,6,v,5,v,18,v
41,420,1,8,v,9,v,7,v,17,v,7,v,21,X,7,v,6,v,29,v
41,453,1,8,v,9,v,7,v,16,v,7,v,21,X,7,v,6,v,19,v
41,487,1,8,v,10,v,8,v,18,v,8,v,22,X,7,v,6,v,21,v
42,17,42,5,v,3,v,3,v,4,v,3,v,4,X,2,v,2,v,4,v
42,52,33,5,v,5,v,3,v,6,v,4,X,6,X,4,v,3,v,6,v
42,88,11,6,v,5,v,5,v,8,v,5,X,9,X,5,v,4,v,8,v
42,123,14,6,v,6,v,5,v,8,v,5,X,10,X,4,v,4,v,9,v
42,158,1,5,v,6,v,5,v,8,v,5,v,10,X,5,v,4,v,9,v
42,194,2,5,v,6,v,6,v,11,v,5,v,13,X,5,v,4,v,12,v
42,229,1,6,v,7,v,6,v,12,v,5,v,14,X,5,v,4,v,13,v
42,264,1,6,v,7,v,6,v,12,v,6,v,15,X,5,v,4,v,13,v
42,299,1,6,v,7,v,6,v,14,v,6,v,16,X,6,v,5,v,15,v
42,335,1,7,v,8,v,6,v,15,v,6,v,17,X,6,v,5,v,16,v
42,370,1,7,v,9,v,7,v,15,v,6,v,18,X,6,v,5,v,17,v
42,405,1,8,v,9,v,7,v,15,v,7,v,19,X,6,v,5,v,18,v
42,440,1,8,v,9,v,7,v,16,v,7,v,20,X,7,v,5,v,19,v
42,476,1,8,v,10,v,8,v,17,v,7,v,22,X,7,v,6,v,20,v
42,511,1,8,v,11,v,8,v,20,v,8,v,25,X,8,v,6,v,23,v
43,18,42,5,v,4,v,3,v,4,v,3,X,4,X,2,v,2,v,4,v
43,55,41,6,v,5,v,4,v,6,v,3,X,7,X,3,v,3,v,6,v
43,92,14,7,v,6,v,5,v,8,v,5,X,9,X,5,v,4,v,8,v
43,129,6,5,v,6,v,5,v,9,v,5,X,11,X,5,v,4,v,9,v
43,166,1,6,v,6,v,5,v,10,v,5,v,12,X,5,v,4,v,11,v
43,203,1,6,v,6,v,6,v,10,v,5,v,13,X,5,v,4,v,12,v
43,240,1,6,v,7,v,6,v,13,v,6,v,16,X,6,v,5,v,14,v
43,277,1,7,v,7,v,6,v,14,v,6,v,16,X,6,v,5,v,15,v
43,314,1,7,v,8,v,6,v,13,v,6,v,16,X,6,v,5,v,15,v
43,351,1,7,v,8,v,7,v,14,v,6,v,17,X,6,v,5,v,16,v
43,388,1,8,v,9,v,7,v,15,v,7,v,19,X,7,v,5,v,18,v
43,425,1,8,v,9,v,8,v,16,v,7,v,20,X,7,v,5,v,19,v
43,462,1,9,v,10,v,8,v,17,v,7,v,22,X,7,v,6,v,20,v
43,499,1,9,v,10,v,8,v,20,v,8,v,24,X,8,v,6,v,22,v
43,536,1,9,v,10,v,8,v,21,v,8,v,26,X,8,v,6,v,24,v
44,19,44,6,v,4,v,3,v,4,v,3,v,4,X,2,v,2,v,4,v
44,58,27,8,v,5,v,4,v,7,v,4,X,8,X,4,v,3,v,7,v
44,96,10,7,v,5,v,5,v,8,v,5,X,9,X,4,v,4,v,8,v
44,135,5,6,v,6,v,5,v,8,v,5,X,10,X,5,v,4,v,9,v
44,174,3,6,v,6,v,5,v,9,v,5,v,12,X,5,v,4,v,10,v
44,212,3,6,v,7,v,6,v,11,v,5,X,14,X,6,v,4,v,12,v
44,251,4,6,v,7,v,6,v,12,v,6,X,15,X,6,v,5,v,14,v
44,290,1,7,v,17,v,6,v,13,v,6,v,16,X,6,v,5,v,15,v
44,329,1,7,v,8,v,6,v,13,v,6,v,17,X,6,v,5,v,16,v
44,367,1,8,v,8,v,7,v,16,v,6,v,19,X,6,v,5,v,18,v
44,406,1,8,v,9,v,7,v,15,v,7,v,19,X,7,v,5,v,18,v
44,445,1,8,v,9,v,8,v,19,v,8,v,23,X,7,v,6,v,21,v
44,483,1,8,v,10,v,8,v,17,v,8,v,22,X,8,v,6,v,20,v
44,522,1,8,v,11,v,8,v,18,v,8,v,24,X,8,v,6,v,22,v
44,561,1,9,v,11,v,9,v,19,v,8,v,25,X,8,v,7,v,23,v
45,20,45,6,v,4,v,3,v,4,v,3,v,5,X,2,v,2,v,4,v
45,60,38,6,v,5,v,4,v,6,v,4,X,7,X,4,v,3,v,6,v
45,101,14,7,v,6,v,5,v,8,v,5,X,10,X,5,v,4,v,9,v
45,141,6,6,v,6,v,5,v,10,v,5,X,11,X,5,v,4,v,10,v
45,182,2,6,v,6,v,5,v,12,v,5,X,13,X,5,v,4,v,12,v
45,222,1,6,v,7,v,6,v,12,v,5,v,15,X,5,v,5,v,13,v
45,263,1,7,v,7,v,6,v,13,v,6,v,15,X,6,v,4,v,14,v
45,303,1,8,v,8,v,7,v,13,v,6,v,16,X,6,v,5,v,15,v
45,344,1,8,v,8,v,6,v,14,v,6,v,18,X,6,v,5,v,16,v
45,384,1,8,v,9,v,7,v,15,v,7,v,19,X,7,v,5,v,17,v
45,425,1,8,v,9,v,7,v,15,v,7,v,19,X,7,v,6,v,18,v
45,465,1,8,v,10,v,8,v,18,v,8,v,23,X,8,v,6,v,21,v
45,506,1,9,v,10,v,8,v,21,v,8,v,26,X,8,v,6,v,24,v
45,546,1,9,v,11,v,8,v,20,v,8,v,25,X,8,v,6,v,23,v
45,587,1,10,v,12,v,9,v,22,v,9,v,27,X,9,v,7,v,25,v
46,21,46,6,v,4,v,3,v,4,v,3,v,5,X,3,v,2,v,4,v
46,63,30,8,v,5,v,4,v,7,v,4,X,9,X,4,v,4,v,7,v
46,105,13,7,v,6,v,5,v,8,v,5,X,10,X,5,v,4,v,9,v
46,148,4,6,v,6,v,5,v,9,v,5,X,11,X,5,v,4,v,10,v
46,190,3,7,v,7,v,6,v,10,v,5,X,13,X,6,v,5,v,11,v
46,232,1,6,v,7,v,6,v,12,v,5,v,14,X,6,v,4,v,13,v
46,275,1,7,v,8,v,6,v,13,v,6,v,16,X,6,v,5,v,15,v
46,317,1,7,v,8,v,7,v,13,v,7,v,17,X,6,v,5,v,15,v
46,359,1,8,v,9,v,7,v,14,v,7,v,18,X,7,v,5,v,17,v
46,402,1,8,v,9,v,7,v,16,v,7,v,20,X,7,v,6,v,18,v
46,444,1,8,v,9,v,8,v,16,v,8,v,21,X,8,v,6,v,19,v
46,486,1,9,v,10,v,9,v,21,v,8,v,47,X,9,v,7,v,23,v
46,528,1,9,v,11,v,8,v,20,v,8,v,24,X,8,v,7,v,22,v
46,571,1,9,v,11,v,9,v,22,v,9,v,27,X,9,v,7,v,25,v
46,613,1,10,v,12,v,9,v,24,v,9,v,29,X,9,v,7,v,27,v
47,22,47,6,v,4,v,3,v,4,v,3,v,5,X,2,v,2,v,4,v
47,66,33,8,v,5,v,4,v,7,v,5,X,8,X,4,v,4,v,8,v
47,110,11,7,v,6,v,5,v,9,v,5,X,11,X,5,v,4,v,10,v
47,154,3,6,v,6,v,5,v,9,v,6,X,11,X,5,v,4,v,10,v
47,198,2,7,v,7,v,6,v,11,v,6,v,13,X,6,v,4,v,12,v
47,242,1,7,v,7,v,6,v,14,v,6,v,16,X,6,v,5,v,15,v
47,287,1,7,v,7,v,6,v,13,v,6,v,16,X,6,v,5,v,15,v
47,331,1,7,v,9,v,7,v,15,v,6,v,18,X,6,v,5,v,17,v
47,375,1,8,v,9,v,7,v,16,v,7,v,20,X,7,v,6,v,18,v
47,419,1,8,v,9,v,7,v,18,v,7,v,22,X,7,v,6,v,21,v
47,463,1,9,v,10,v,8,v,17,v,8,v,21,X,8,v,6,v,20,v
47,508,1,9,v,11,v,8,v,18,v,8,v,23,X,8,v,7,v,22,v
47,552,1,9,v,11,v,9,v,33,v,9,v,27,X,9,v,7,v,25,v
47,596,1,10,v,12,v,10,v,21,v,9,v,27,X,9,v,7,v,25,v
47,640,1,10,v,13,v,10,v,24,v,10,v,30,X,9,v,8,v,27,v
48,23,48,6,v,4,v,3,v,4,v,3,v,5,X,3,v,2,v,4,v
48,69,48,7,v,5,v,4,v,6,v,4,v,7,X,4,v,3,v,6,v
48,115,14,7,v,6,v,6,v,9,v,6,X,11,X,6,v,4,v,9,v
48,161,2,6,v,6,v,6,v,10,v,6,X,12,X,5,v,4,v,11,v
48,207,6,6,v,8,v,6,v,10,v,6,X,13,X,6,v,5,v,12,v
48,253,1,7,v,7,v,6,v,12,v,6,v,15,X,6,v,5,v,14,v
48,299,3,8,v,8,v,7,v,14,v,7,X,17,X,7,v,5,v,16,v
48,345,1,8,v,9,v,7,v,14,v,7,v,18,X,7,v,5,v,16,v
48,391,1,8,v,9,v,7,v,16,v,7,v,20,X,7,v,6,v,19,v
48,437,1,9,v,10,v,8,v,18,v,8,v,23,X,8,v,6,v,21,v
48,483,1,9,v,10,v,8,v,21,v,8,v,25,X,8,v,7,v,23,v
48,529,1,9,v,11,v,9,v,21,v,9,v,26,X,8,v,7,v,25,v
48,575,1,10,v,12,v,9,v,21,v,9,v,27,X,9,v,7,v,25,v
48,622,1,10,v,13,v,9,v,23,v,10,v,29,X,10,v,8,v,27,v
48,668,1,10,v,13,v,11,v,25,v,11,v,31,X,10,v,8,v,29,v
49,24,49,6,v,4,v,3,v,4,v,3,v,5,X,3,v,2,v,4,v
49,72,38,8,v,6,v,5,v,7,v,5,X,8,X,4,v,3,v,7,v
49,120,8,7,v,6,v,5,v,9,v,6,X,11,X,6,v,4,v,9,v
49,168,3,7,v,6,v,6,v,10,v,6,v,13,X,6,v,4,v,12,v
49,216,2,7,v,7,v,6,v,12,v,6,X,15,X,6,v,5,v,13,v
49,264,1,7,v,8,v,7,v,12,v,6,v,15,X,6,v,5,v,14,v
49,312,1,8,v,8,v,7,v,14,v,7,v,17,X,6,v,5,v,16,v
49,360,1,8,v,9,v,7,v,15,v,7,v,19,X,7,v,5,v,17,v
49,408,1,8,v,10,v,8,v,17,v,7,v,21,X,7,v,6,v,20,v
49,456,1,9,v,10,v,8,v,17,v,8,v,22,X,8,v,6,v,20,v
49,504,1,9,v,11,v,9,v,20,v,8,v,25,X,8,v,7,v,23,v
49,552,1,10,v,11,v,9,v,23,v,9,v,28,X,9,v,7,v,26,v
49,600,1,10,v,12,v,10,v,21,v,10,v,27,X,9,v,8,v,25,v
49,648,1,10,v,13,v,10,v,26,v,10,v,32,X,10,v,8,v,30,v
49,696,1,10,v,13,v,10,v,25,v,10,v,31,X,10,v,8,v,29,v
50,24,50,6,v,5,v,3,v,5,v,3,v,5,X,3,v,2,v,4,v
50,74,40,7,v,5,v,4,v,7,v,4,X,8,X,4,v,4,v,7,v
50,124,11,7,v,6,v,6,v,10,v,6,X,11,X,5,v,4,v,10,v
50,174,3,7,v,7,v,6,v,11,v,6,X,13,X,6,v,5,v,12,v
50,224,1,7,v,7,v,6,v,12,v,6,v,14,X,6,v,5,v,13,v
50,274,1,8,v,8,v,6,v,13,v,6,v,16,X,6,v,5,v,15,v
50,324,1,7,v,9,v,7,v,14,v,7,v,18,X,7,v,6,v,16,v
50,374,1,8,v,9,v,8,v,17,v,8,v,21,X,7,v,6,v,19,v
50,424,1,9,v,10,v,8,v,18,v,8,v,22,X,8,v,6,v,20,v
50,474,1,9,v,11,v,9,v,18,v,8,v,23,X,8,v,7,v,22,v
50,524,1,9,v,12,v,9,v,20,v,9,v,25,X,9,v,7,v,24,v
50,574,1,10,v,12,v,9,v,22,v,9,v,28,X,9,v,7,v,26,v
50,624,1,10,v,13,v,10,v,25,v,10,v,30,X,9,v,8,v,28,v
50,674,1,10,v,13,v,10,v,25,v,10,v,32,X,11,v,8,v,29,v
50,724,1,11,v,14,v,11,v,27,v,11,v,34,X,11,v,9,v,32,v
51,26,51,7,v,4,v,6,v,5,v,3,v,5,X,4,v,2,v,5,v
51,78,50,7,v,5,v,4,v,6,v,4,X,8,X,4,v,3,v,7,v
51,130,4,7,v,7,v,6,v,10,v,6,X,12,X,6,v,5,v,11,v
51,182,7,7,v,8,v,6,v,11,v,6,X,13,X,6,v,5,v,12,v
51,234,1,7,v,8,v,6,v,13,v,7,v,16,X,7,v,5,v,14,v
51,286,2,7,v,8,v,6,v,13,v,7,X,16,X,7,v,6,v,14,v
51,338,1,8,v,9,v,7,v,16,v,7,v,20,X,7,v,6,v,18,v
51,390,1,8,v,9,v,8,v,18,v,8,v,22,X,7,v,6,v,20,v
51,442,1,10,v,10,v,8,v,18,v,9,v,22,X,8,v,6,v,21,v
51,494,1,10,v,11,v,9,v,21,v,9,v,26,X,9,v,7,v,23,v
51,546,1,10,v,11,v,9,v,21,v,9,v,26,X,9,v,7,v,24,v
51,598,1,10,v,12,v,10,v,24,v,10,v,29,X,9,v,7,v,27,v
51,650,1,10,v,13,v,10,v,34,v,10,v,31,X,29,v,8,v,29,v
51,702,1,11,v,13,v,10,v,26,v,10,v,32,X,10,v,8,v,30,v
51,754,1,11,v,14,v,11,v,26,v,11,v,34,X,11,v,9,v,31,v
52,27,52,7,v,5,v,3,v,5,v,3,v,5,X,3,v,2,v,5,v
52,81,28,8,v,6,v,5,v,8,v,5,X,10,X,5,v,5,v,9,v
52,135,10,8,v,7,v,6,v,10,v,6,X,12,X,5,v,5,v,11,v
52,189,6,7,v,7,v,6,v,12,v,6,X,14,X,6,v,5,v,13,v
52,243,2,7,v,8,v,7,v,13,v,6,X,16,X,6,v,5,v,15,v
52,297,2,8,v,8,v,7,v,14,v,7,X,17,X,7,v,5,v,16,v
52,351,1,8,v,9,v,8,v,17,v,8,v,20,X,7,v,6,v,18,v
52,405,1,9,v,10,v,8,v,16,v,8,v,21,X,8,v,6,v,19,v
52,459,1,9,v,11,v,8,v,18,v,8,v,23,X,8,v,7,v,21,v
52,513,1,10,v,11,v,9,v,20,v,9,v,25,X,9,v,7,v,23,v
52,567,1,10,v,12,v,9,v,21,v,9,v,27,X,9,v,7,v,25,v
52,621,1,11,v,13,v,10,v,24,v,10,v,29,X,9,v,8,v,27,v
52,675,1,11,v,13,v,11,v,24,v,10,v,31,X,10,v,8,v,29,v
52,730,1,11,v,14,v,11,v,26,v,11,v,33,X,10,v,9,v,31,v
52,784,1,11,v,15,v,11,v,28,v,12,v,36,X,11,v,9,v,34,v
53,28,53,7,v,4,v,3,v,5,v,3,v,5,X,3,v,3,v,5,v
53,84,27,8,v,6,v,5,v,8,v,5,X,10,X,5,v,4,v,9,v
53,140,12,8,v,7,v,6,v,10,v,6,X,12,X,6,v,5,v,10,v
53,196,3,7,v,8,v,6,v,12,v,6,X,15,X,7,v,5,v,14,v
53,252,4,8,v,8,v,7,v,14,v,7,X,16,X,6,v,5,v,15,v
53,308,1,8,v,8,v,7,v,16,v,7,v,19,X,7,v,6,v,18,v
53,365,1,8,v,9,v,8,v,17,v,7,v,21,X,7,v,6,v,19,v
53,421,1,9,v,9,v,8,v,17,v,8,v,21,X,8,v,6,v,20,v
53,477,1,10,v,11,v,9,v,20,v,8,v,24,X,9,v,7,v,23,v
53,533,1,10,v,12,v,9,v,21,v,9,v,27,X,9,v,7,v,25,v
53,589,1,11,v,12,v,10,v,24,v,10,v,29,X,10,v,8,v,27,v
53,646,1,11,v,14,v,10,v,24,v,10,v,30,X,10,v,8,v,28,v
53,702,1,11,v,13,v,11,v,27,v,11,v,33,X,11,v,9,v,31,v
53,758,1,13,v,15,v,11,v,28,v,12,v,35,X,12,v,9,v,33,v
53,814,1,12,v,15,v,12,v,29,v,12,v,37,X,12,v,10,v,35,v
54,29,54,7,v,5,v,3,v,5,v,3,v,5,X,3,v,2,v,5,v
54,87,43,9,v,7,v,5,v,8,v,5,X,9,X,5,v,4,v,9,v
54,145,6,8,v,7,v,6,v,10,v,6,v,12,X,6,v,5,v,11,v
54,204,4,8,v,7,v,7,v,13,v,7,v,15,X,7,v,5,v,14,v
54,262,3,8,v,8,v,7,v,14,v,7,X,17,X,7,v,6,v,16,v
54,320,1,8,v,9,v,7,v,15,v,7,v,19,X,7,v,6,v,17,v
54,379,1,8,v,10,v,8,v,17,v,7,v,21,X,8,v,6,v,20,v
54,437,1,9,v,10,v,8,v,19,v,8,v,23,X,8,v,7,v,22,v
54,495,1,10,v,11,v,9,v,21,v,9,v,25,X,9,v,7,v,24,v
54,554,1,10,v,12,v,10,v,23,v,9,v,28,X,9,v,7,v,26,v
54,612,1,11,v,13,v,10,v,23,v,10,v,29,X,10,v,8,v,27,v
54,670,1,11,v,14,v,11,v,25,v,11,v,31,X,11,v,8,v,29,v
54,728,1,12,v,14,v,11,v,26,v,11,v,33,X,11,v,9,v,32,v
54,787,1,12,v,15,v,12,v,30,v,12,v,37,X,11,v,9,v,35,v
54,845,1,12,v,16,v,12,v,31,v,12,v,39,X,13,v,10,v,37,v
55,30,55,7,v,5,v,4,v,5,v,4,v,6,X,3,v,3,v,5,v
55,90,35,9,v,7,v,5,v,9,v,6,X,10,X,5,v,4,v,9,v
55,151,9,8,v,7,v,6,v,10,v,6,X,13,X,7,v,5,v,12,v
55,211,2,8,v,8,v,7,v,12,v,7,v,15,X,7,v,5,v,13,v
55,272,2,8,v,8,v,7,v,13,v,7,v,16,X,7,v,6,v,15,v
55,332,1,8,v,9,v,8,v,26,v,9,v,20,X,7,v,6,v,18,v
55,393,1,9,v,10,v,8,v,19,v,8,v,22,X,8,v,6,v,21,v
55,453,1,10,v,11,v,9,v,19,v,9,v,23,X,9,v,7,v,22,v
55,514,1,10,v,12,v,10,v,21,v,9,v,26,X,9,v,7,v,24,v
55,574,1,10,v,12,v,10,v,22,v,10,v,28,X,10,v,7,v,27,v
55,635,1,11,v,13,v,11,v,25,v,11,v,31,X,10,v,8,v,29,v
55,695,1,11,v,14,v,11,v,26,v,11,v,32,X,11,v,8,v,31,v
55,756,1,12,v,16,v,12,v,28,v,12,v,35,X,11,v,9,v,33,v
55,816,1,12,v,15,v,12,v,32,v,12,v,38,X,12,v,10,v,37,v
55,877,1,13,v,16,v,13,v,30,v,13,v,38,X,13,v,10,v,36,v
56,31,54,8,v,5,v,4,v,5,v,4,X,6,X,3,v,3,v,5,v
56,94,33,10,v,7,v,6,v,10,v,6,X,11,X,6,v,4,v,9,v
56,156,4,8,v,7,v,6,v,11,v,7,X,13,X,6,v,5,v,11,v
56,219,1,7,v,8,v,7,v,13,v,7,v,16,X,7,v,5,v,14,v
56,282,2,9,v,9,v,7,v,14,v,7,v,17,X,7,v,6,v,16,v
56,344,2,9,v,10,v,8,v,18,v,8,X,21,X,8,v,6,v,20,v
56,407,1,9,v,10,v,8,v,18,v,8,v,22,X,8,v,7,v,20,v
56,470,1,10,v,11,v,9,v,20,v,9,v,24,X,8,v,7,v,23,v
56,533,1,10,v,12,v,10,v,22,v,9,v,27,X,9,v,7,v,26,v
56,595,1,11,v,13,v,10,v,21,v,10,v,28,X,10,v,8,v,26,v
56,658,1,11,v,14,v,11,v,29,v,11,v,34,X,11,v,8,v,32,v
56,721,1,12,v,14,v,11,v,26,v,12,v,33,X,11,v,9,v,31,v
56,783,1,12,v,15,v,12,v,31,v,12,v,38,X,12,v,9,v,36,v
56,846,1,12,v,16,v,12,v,31,v,13,v,39,X,13,v,10,v,36,v
56,909,1,13,v,17,v,13,v,36,v,13,v,44,X,13,v,10,v,42,v
57,32,57,7,v,5,v,4,v,5,v,4,v,6,X,3,v,3,v,5,v
57,97,33,10,v,7,v,6,v,9,v,6,X,11,X,6,v,5,v,10,v
57,162,10,8,v,8,v,7,v,10,v,7,X,13,X,7,v,5,v,12,v
57,227,2,8,v,8,v,7,v,13,v,7,X,16,X,7,v,6,v,15,v
57,292,2,8,v,9,v,7,v,15,v,7,v,18,X,7,v,6,v,17,v
57,357,1,9,v,10,v,8,v,17,v,8,v,20,X,8,v,6,v,19,v
57,422,1,9,v,10,v,8,v,21,v,8,v,25,X,9,v,7,v,23,v
57,487,1,10,v,11,v,9,v,19,v,9,v,24,X,9,v,7,v,23,v
57,552,1,11,v,12,v,10,v,24,v,10,v,28,X,9,v,7,v,27,v
57,617,1,11,v,13,v,10,v,25,v,10,v,30,X,10,v,8,v,29,v
57,682,1,11,v,14,v,11,v,24,v,11,v,31,X,11,v,9,v,29,v
57,747,1,12,v,15,v,12,v,30,v,12,v,36,X,11,v,9,v,34,v
57,812,1,13,v,16,v,12,v,31,v,12,v,38,X,12,v,10,v,36,v
57,877,1,13,v,17,v,13,v,32,v,13,v,40,X,13,v,11,v,38,v
57,942,1,13,v,18,v,13,v,35,v,13,v,44,X,14,v,11,v,42,v
58,33,58,7,v,5,v,4,v,5,v,4,v,6,X,4,v,3,v,5,v
58,100,32,9,v,7,v,6,v,9,v,6,X,11,X,6,v,5,v,10,v
58,168,8,9,v,8,v,7,v,12,v,7,X,14,X,7,v,6,v,13,v
58,235,5,9,v,9,v,8,v,12,v,7,X,15,X,7,v,6,v,14,v
58,302,1,8,v,9,v,8,v,17,v,7,v,21,X,7,v,6,v,19,v
58,370,1,9,v,10,v,9,v,18,v,8,v,22,X,8,v,7,v,20,v
58,437,1,10,v,10,v,9,v,20,v,9,v,24,X,9,v,7,v,23,v
58,504,1,10,v,12,v,9,v,21,v,10,v,26,X,9,v,8,v,24,v
58,571,1,11,v,12,v,10,v,22,v,10,v,28,X,10,v,8,v,26,v
58,639,1,11,v,14,v,11,v,27,v,11,v,33,X,11,v,8,v,31,v
58,706,1,12,v,14,v,11,v,29,v,11,v,35,X,12,v,9,v,34,v
58,773,1,12,v,15,v,12,v,29,v,12,v,36,X,12,v,9,v,35,v
58,840,1,13,v,17,v,13,v,30,v,13,v,38,X,12,v,10,v,36,v
58,908,1,13,v,18,v,13,v,34,v,14,v,42,X,13,v,11,v,40,v
58,975,1,14,v,18,v,14,v,36,v,14,v,45,X,14,v,11,v,43,v
59,34,58,8,v,5,v,5,v,6,v,4,X,7,X,4,v,3,v,6,v
59,104,27,8,v,7,v,6,v,10,v,7,X,11,X,6,v,5,v,10,v
59,174,9,7,v,8,v,7,v,11,v,7,X,13,X,6,v,5,v,12,v
59,243,1,8,v,8,v,8,v,13,v,7,v,17,X,7,v,6,v,15,v
59,313,1,9,v,9,v,8,v,16,v,8,v,19,X,8,v,6,v,17,v
59,382,1,9,v,10,v,8,v,18,v,8,v,22,X,8,v,7,v,20,v
59,452,1,10,v,11,v,9,v,19,v,9,v,24,X,9,v,7,v,22,v
59,522,1,11,v,12,v,10,v,21,v,10,v,26,X,10,v,8,v,25,v
59,591,1,11,v,13,v,11,v,24,v,10,v,30,X,11,v,8,v,27,v
59,661,1,12,v,14,v,11,v,26,v,11,v,33,X,12,v,9,v,31,v
59,731,1,12,v,15,v,12,v,30,v,12,v,37,X,12,v,9,v,34,v
59,800,1,13,v,16,v,13,v,30,v,13,v,37,X,13,v,10,v,35,v
59,870,1,14,v,17,v,13,v,33,v,13,v,41,X,13,v,11,v,38,v
59,939,1,14,v,18,v,14,v,35,v,14,v,44,X,14,v,11,v,42,v
59,1009,1,14,v,19,v,14,v,36,v,14,v,45,X,14,v,12,v,43,v
60,35,57,8,v,6,v,4,v,6,v,4,X,7,X,4,v,3,v,5,v
60,107,21,10,v,7,v,6,v,10,v,6,X,12,X,6,v,5,v,11,v
60,179,4,8,v,8,v,7,v,13,v,7,X,15,X,7,v,6,v,13,v
60,251,2,8,v,8,v,7,v,14,v,7,v,17,X,7,v,6,v,15,v
60,323,1,9,v,9,v,8,v,17,v,8,v,20,X,8,v,6,v,18,v
60,395,1,10,v,10,v,9,v,18,v,8,v,22,X,8,v,7,v,20,v
60,467,1,10,v,11,v,10,v,20,v,9,v,25,X,9,v,8,v,23,v
60,539,1,11,v,13,v,10,v,22,v,10,v,27,X,10,v,8,v,26,v
60,611,1,11,v,14,v,10,v,27,v,10,v,32,X,11,v,8,v,30,v
60,683,1,12,v,15,v,12,v,28,v,12,v,34,X,11,v,9,v,31,v
60,755,1,12,v,16,v,12,v,28,v,12,v,36,X,12,v,10,v,34,v
60,827,1,13,v,17,v,13,v,31,v,13,v,40,X,12,v,10,v,37,v
60,899,1,13,v,17,v,14,v,31,v,13,v,41,X,13,v,11,v,37,v
60,971,1,14,v,18,v,14,v,34,v,14,v,43,X,14,v,11,v,41,v
60,1043,1,14,v,19,v,15,v,36,v,15,v,46,X,15,v,12,v,43,v
61,37,61,8,v,6,v,4,v,6,v,4,v,7,X,4,v,3,v,6,v
61,111,26,10,v,8,v,7,v,10,v,7,X,12,X,7,v,5,v,11,v
61,186,7,8,v,8,v,7,v,12,v,7,X,14,X,7,v,6,v,13,v
61,260,2,9,v,9,v,8,v,13,v,8,v,17,X,8,v,6,v,15,v
61,334,1,9,v,10,v,8,v,15,v,8,v,19,X,8,v,6,v,18,v
61,409,2,10,v,11,v,9,v,19,v,9,v,33,X,10,v,7,v,22,v
61,483,1,10,v,12,v,10,v,22,v,10,v,26,X,10,v,8,v,25,v
61,558,1,11,v,12,v,10,v,23,v,10,v,28,X,10,v,8,v,26,v
61,632,1,12,v,14,v,11,v,25,v,11,v,32,X,12,v,9,v,29,v
61,706,1,12,v,15,v,12,v,27,v,12,v,34,X,12,v,10,v,31,v
61,781,1,13,v,15,v,13,v,30,v,13,v,37,X,12,v,10,v,35,v
61,855,1,13,v,16,v,13,v,32,v,13,v,39,X,13,v,11,v,37,v
61,930,1,13,v,18,v,14,v,34,v,14,v,43,X,14,v,11,v,40,v
61,1004,1,14,v,18,v,15,v,35,v,15,v,45,X,15,v,12,v,42,v
61,1079,1,15,v,20,v,15,v,39,v,16,v,50,X,16,v,13,v,46,v
62,38,61,9,v,6,v,4,v,6,v,4,v,7,X,4,v,3,v,5,v
62,115,27,10,v,8,v,6,v,11,v,7,X,12,X,6,v,5,v,11,v
62,192,10,9,v,8,v,7,v,12,v,7,v,15,X,7,v,6,v,13,v
62,269,1,9,v,9,v,8,v,16,v,8,v,19,X,8,v,6,v,17,v
62,345,2,9,v,11,v,9,v,16,v,8,v,20,X,8,v,7,v,18,v
62,422,1,10,v,11,v,10,v,20,v,9,v,24,X,9,v,7,v,23,v
62,499,1,11,v,12,v,10,v,20,v,10,v,25,X,10,v,8,v,23,v
62,576,1,11,v,13,v,10,v,24,v,10,v,29,X,10,v,8,v,27,v
62,653,1,12,v,14,v,11,v,27,v,11,v,34,X,11,v,9,v,31,v
62,730,1,12,v,16,v,12,v,29,v,12,v,35,X,12,v,10,v,33,v
62,807,1,13,v,16,v,23,v,31,v,14,v,38,X,13,v,11,v,35,v
62,884,1,14,v,17,v,13,v,33,v,14,v,41,X,14,v,11,v,38,v
62,960,1,14,v,18,v,14,v,35,v,14,v,44,X,14,v,11,v,41,v
62,1037,1,14,v,19,v,15,v,36,v,15,v,46,X,15,v,12,v,44,v
62,1114,1,15,v,21,v,16,v,41,v,16,v,52,X,16,v,13,v,48,v
63,39,61,8,v,5,v,4,v,6,v,4,X,7,X,4,v,3,v,6,v
63,119,34,11,v,8,v,7,v,10,v,7,X,12,X,6,v,5,v,10,v
63,198,6,9,v,9,v,7,v,12,v,8,X,15,X,7,v,6,v,14,v
63,277,2,9,v,9,v,8,v,16,v,8,X,19,X,8,v,7,v,18,v
63,357,2,10,v,10,v,9,v,18,v,8,v,21,X,8,v,7,v,20,v
63,436,1,10,v,11,v,10,v,19,v,9,v,42,X,10,v,7,v,22,v
63,515,1,11,v,12,v,11,v,20,v,10,v,26,X,10,v,8,v,24,v
63,595,1,12,v,14,v,12,v,24,v,11,v,30,X,11,v,9,v,28,v
63,674,1,12,v,14,v,12,v,26,v,11,v,33,X,11,v,9,v,31,v
63,754,1,13,v,16,v,13,v,28,v,13,v,35,X,12,v,10,v,33,v
63,833,1,14,v,17,v,13,v,30,v,13,v,38,X,13,v,11,v,36,v
63,912,1,14,v,18,v,14,v,34,v,14,v,42,X,14,v,11,v,40,v
63,992,1,15,v,19,v,15,v,35,v,14,v,44,X,14,v,12,v,41,v
63,1071,1,15,v,20,v,15,v,38,v,29,v,48,X,15,v,12,v,46,v
63,1151,1,15,v,21,v,16,v,41,v,16,v,51,X,16,v,13,v,48,v
64,40,57,9,v,6,v,5,v,6,v,4,X,7,X,4,v,4,v,6,v
64,122,31,10,v,8,v,7,v,10,v,7,X,12,X,7,v,6,v,11,v
64,204,14,10,v,9,v,8,v,14,v,8,X,16,X,8,v,6,v,15,v
64,286,2,9,v,10,v,8,v,16,v,8,X,19,X,8,v,6,v,17,v
64,368,2,10,v,10,v,9,v,19,v,8,v,22,X,9,v,7,v,21,v
64,450,1,11,v,12,v,10,v,20,v,9,v,25,X,9,v,8,v,23,v
64,532,1,12,v,13,v,11,v,22,v,11,v,28,X,11,v,8,v,26,v
64,614,1,12,v,14,v,12,v,25,v,12,v,30,X,12,v,9,v,29,v
64,696,1,13,v,15,v,12,v,27,v,12,v,34,X,12,v,9,v,32,v
64,778,1,13,v,17,v,13,v,31,v,13,v,48,X,13,v,11,v,36,v
64,860,1,14,v,18,v,14,v,34,v,13,v,42,X,13,v,11,v,39,v
64,942,1,14,v,19,v,14,v,36,v,14,v,44,X,14,v,11,v,42,v
64,1023,1,15,v,19,v,15,v,38,v,15,v,47,X,15,v,12,v,45,v
64,1105,1,15,v,21,v,16,v,38,v,16,v,49,X,16,v,12,v,46,v
64,1187,1,16,v,22,v,16,v,44,v,16,v,56,X,16,v,13,v,51,v
65,42,65,9,v,6,v,4,v,6,v,4,v,7,X,4,v,3,v,6,v
65,126,37,11,v,9,v,7,v,10,v,7,X,12,X,7,v,5,v,11,v
65,211,5,9,v,9,v,7,v,13,v,7,X,16,X,7,v,6,v,14,v
65,295,4,10,v,10,v,8,v,16,v,8,X,19,X,8,v,6,v,18,v
65,380,1,10,v,10,v,9,v,18,v,8,v,22,X,9,v,7,v,20,v
65,464,1,11,v,12,v,10,v,19,v,9,v,24,X,9,v,8,v,22,v
65,549,1,12,v,13,v,11,v,26,v,10,v,30,X,10,v,8,v,29,v
65,633,1,12,v,15,v,12,v,26,v,12,v,32,X,11,v,9,v,30,v
65,718,1,13,v,16,v,13,v,27,v,13,v,35,X,12,v,10,v,33,v
65,802,1,14,v,17,v,13,v,31,v,13,v,39,X,13,v,11,v,36,v
65,887,1,14,v,18,v,14,v,34,v,14,v,42,X,14,v,11,v,39,v
65,971,1,15,v,19,v,15,v,36,v,15,v,45,X,15,v,12,v,43,v
65,1056,1,17,v,20,v,15,v,41,v,16,v,51,X,15,v,13,v,47,v
65,1140,1,18,v,22,v,16,v,42,v,17,v,53,X,16,v,13,v,49,v
65,1225,1,16,v,22,v,17,v,45,v,17,v,56,X,17,v,14,v,53,v
66,43,66,9,v,6,v,4,v,6,v,4,v,7,X,4,v,3,v,6,v
66,130,38,11,v,9,v,7,v,12,v,7,X,13,X,7,v,6,v,12,v
66,217,5,9,v,9,v,8,v,13,v,8,X,16,X,8,v,6,v,14,v
66,304,4,10,v,10,v,9,v,16,v,9,X,19,X,8,v,7,v,18,v
66,392,1,10,v,11,v,10,v,18,v,9,v,22,X,9,v,7,v,21,v
66,479,1,11,v,12,v,10,v,21,v,10,v,26,X,10,v,8,v,24,v
66,566,1,12,v,13,v,11,v,24,v,11,v,29,X,10,v,8,v,27,v
66,653,1,13,v,15,v,12,v,25,v,12,v,32,X,11,v,9,v,30,v
66,740,1,14,v,16,v,13,v,29,v,13,v,36,X,12,v,10,v,34,v
66,827,1,14,v,17,v,14,v,31,v,13,v,39,X,13,v,11,v,37,v
66,914,1,15,v,18,v,14,v,35,v,14,v,43,X,14,v,11,v,41,v
66,1001,1,15,v,19,v,15,v,37,v,15,v,46,X,15,v,13,v,44,v
66,1088,1,15,v,21,v,16,v,40,v,16,v,50,X,16,v,13,v,47,v
66,1176,1,16,v,21,v,17,v,41,v,17,v,52,X,17,v,13,v,50,v
66,1263,1,17,v,23,v,17,v,43,v,18,v,56,X,17,v,14,v,51,v
67,44,67,9,v,6,v,5,v,6,v,4,v,7,X,4,v,3,v,6,v
67,134,23,11,v,8,v,7,v,11,v,7,X,13,X,7,v,6,v,12,v
67,224,6,10,v,9,v,8,v,15,v,8,X,17,X,8,v,6,v,15,v
67,314,1,9,v,10,v,8,v,16,v,8,v,20,X,8,v,7,v,18,v
67,404,1,10,v,12,v,10,v,18,v,10,v,23,X,10,v,8,v,21,v
67,493,1,11,v,13,v,10,v,22,v,10,v,27,X,10,v,8,v,26,v
67,583,1,12,v,14,v,12,v,25,v,11,v,30,X,11,v,9,v,28,v
67,673,1,13,v,15,v,12,v,28,v,12,v,34,X,12,v,9,v,32,v
67,763,1,13,v,16,v,13,v,29,v,13,v,36,X,13,v,11,v,35,v
67,852,1,14,v,17,v,14,v,33,v,14,v,54,X,14,v,11,v,39,v
67,942,1,15,v,19,v,15,v,35,v,15,v,44,X,15,v,12,v,42,v
67,1032,1,16,v,20,v,16,v,37,v,16,v,46,X,15,v,13,v,44,v
67,1122,1,16,v,21,v,16,v,40,v,16,v,51,X,16,v,13,v,49,v
67,1212,1,16,v,22,v,17,v,43,v,17,v,54,X,17,v,14,v,52,v
67,1301,1,19,v,23,v,18,v,46,v,18,v,60,X,18,v,14,v,54,v
68,46,66,9,v,7,v,5,v,7,v,5,X,8,X,5,v,4,v,7,v
68,138,22,9,v,8,v,7,v,13,v,8,X,15,X,7,v,6,v,13,v
68,231,4,10,v,10,v,8,v,16,v,8,X,18,X,8,v,6,v,16,v
68,323,1,10,v,10,v,8,v,16,v,9,v,20,X,8,v,7,v,18,v
68,416,1,10,v,11,v,10,v,17,v,9,v,23,X,9,v,8,v,21,v
68,508,1,11,v,13,v,11,v,24,v,11,v,28,X,10,v,9,v,26,v
68,601,1,12,v,14,v,12,v,25,v,12,v,31,X,11,v,9,v,29,v
68,693,1,13,v,15,v,13,v,30,v,13,v,36,X,13,v,10,v,34,v
68,786,1,14,v,17,v,13,v,31,v,13,v,39,X,13,v,11,v,36,v
68,878,1,14,v,18,v,15,v,34,v,14,v,42,X,14,v,11,v,40,v
68,971,1,15,v,19,v,15,v,38,v,15,v,47,X,15,v,12,v,44,v
68,1063,1,17,v,20,v,16,v,39,v,16,v,48,X,23,v,13,v,46,v
68,1155,1,16,v,22,v,17,v,41,v,17,v,52,X,17,v,13,v,49,v
68,1248,1,24,v,23,v,17,v,45,v,17,v,56,X,18,v,14,v,53,v
68,1340,1,17,v,24,v,18,v,49,v,18,v,60,X,18,v,15,v,57,v
69,47,66,9,v,6,v,5,v,7,v,5,X,8,X,5,v,4,v,7,v
69,142,16,10,v,9,v,7,v,12,v,7,X,14,X,7,v,6,v,13,v
69,238,5,10,v,10,v,9,v,17,v,9,X,19,X,8,v,7,v,18,v
69,333,3,10,v,11,v,9,v,17,v,9,X,21,X,9,v,7,v,19,v
69,428,1,10,v,12,v,10,v,19,v,10,v,24,X,10,v,8,v,22,v
69,523,1,11,v,13,v,11,v,23,v,11,v,28,X,11,v,8,v,26,v
69,618,1,12,v,14,v,12,v,25,v,12,v,31,X,12,v,9,v,29,v
69,714,1,13,v,16,v,13,v,32,v,12,v,38,X,13,v,10,v,35,v
69,809,1,14,v,17,v,14,v,32,v,14,v,40,X,14,v,11,v,38,v
69,904,1,15,v,19,v,14,v,35,v,14,v,43,X,14,v,12,v,40,v
69,999,1,15,v,19,v,15,v,38,v,15,v,47,X,15,v,12,v,45,v
69,1095,1,16,v,21,v,16,v,41,v,16,v,51,X,16,v,13,v,48,v
69,1190,1,17,v,22,v,17,v,44,v,17,v,54,X,18,v,14,v,51,v
69,1285,1,18,v,23,v,18,v,45,v,18,v,57,X,18,v,15,v,54,v
69,1380,1,20,v,24,v,19,v,48,v,19,v,61,X,19,v,15,v,57,v
70,48,70,9,v,7,v,5,v,7,v,5,v,8,X,5,v,4,v,7,v
70,146,22,11,v,9,v,7,v,13,v,7,X,15,X,8,v,6,v,14,v
70,244,7,10,v,10,v,9,v,15,v,8,X,18,X,8,v,7,v,16,v
70,342,2,10,v,11,v,9,v,17,v,9,v,20,X,10,v,7,v,19,v
70,440,1,11,v,12,v,10,v,22,v,11,v,26,X,11,v,8,v,24,v
70,538,1,12,v,13,v,11,v,25,v,11,v,30,X,12,v,9,v,27,v
70,636,1,14,v,16,v,12,v,28,v,12,v,33,X,13,v,10,v,31,v
70,734,1,14,v,16,v,14,v,31,v,13,v,39,X,14,v,10,v,36,v
70,832,1,14,v,17,v,14,v,36,v,14,v,42,X,15,v,11,v,40,v
70,930,1,15,v,19,v,15,v,36,v,15,v,45,X,15,v,12,v,42,v
70,1028,1,16,v,20,v,16,v,38,v,17,v,47,X,16,v,13,v,45,v
70,1126,1,17,v,22,v,17,v,41,v,17,v,51,X,17,v,13,v,49,v
70,1224,1,19,v,23,v,17,v,44,v,18,v,55,X,42,v,13,v,52,v
70,1322,1,18,v,25,v,18,v,47,v,18,v,59,X,18,v,13,v,55,v
70,1420,1,20,v,25,v,19,v,49,v,19,v,62,X,19,v,13,v,59,v
71,50,71,9,v,6,v,5,v,7,v,5,v,8,X,4,v,4,v,7,v
71,151,14,10,v,8,v,8,v,12,v,8,X,15,X,7,v,6,v,13,v
71,252,5,10,v,10,v,9,v,15,v,9,X,18,X,9,v,7,v,17,v
71,352,3,11,v,11,v,10,v,19,v,9,X,23,X,10,v,7,v,21,v
71,453,2,11,v,13,v,11,v,23,v,10,v,27,X,10,v,8,v,25,v
71,554,1,12,v,14,v,11,v,25,v,11,v,30,X,11,v,9,v,28,v
71,655,1,13,v,15,v,13,v,28,v,12,v,34,X,13,v,10,v,32,v
71,756,1,15,v,16,v,13,v,31,v,13,v,38,X,13,v,11,v,36,v
71,856,1,14,v,18,v,15,v,34,v,14,v,42,X,14,v,11,v,40,v
71,957,1,15,v,19,v,15,v,37,v,15,v,46,X,15,v,12,v,43,v
71,1058,1,17,v,20,v,16,v,39,v,16,v,48,X,16,v,13,v,46,v
71,1159,1,17,v,22,v,17,v,43,v,17,v,53,X,16,v,14,v,50,v
71,1260,1,19,v,24,v,18,v,44,v,18,v,56,X,18,v,15,v,53,v
71,1361,1,20,v,25,v,19,v,47,v,19,v,62,X,18,v,15,v,57,v
71,1461,1,20,v,26,v,19,v,51,v,19,v,64,X,19,v,15,v,61,v
72,51,67,9,v,7,v,5,v,7,v,5,X,9,X,5,v,4,v,8,v
72,155,31,11,v,9,v,8,v,13,v,8,X,14,X,8,v,6,v,13,v
72,259,4,11,v,11,v,9,v,15,v,9,v,18,X,9,v,7,v,17,v
72,362,1,10,v,12,v,10,v,20,v,10,v,23,X,10,v,8,v,21,v
72,466,1,12,v,12,v,11,v,22,v,10,v,27,X,11,v,9,v,25,v
72,570,1,12,v,14,v,12,v,23,v,12,v,29,X,11,v,9,v,27,v
72,673,1,14,v,16,v,13,v,28,v,13,v,34,X,13,v,11,v,32,v
72,777,1,28,v,18,v,14,v,32,v,14,v,39,X,14,v,11,v,37,v
72,881,1,15,v,18,v,15,v,34,v,15,v,42,X,14,v,12,v,40,v
72,984,1,17,v,20,v,16,v,38,v,16,v,47,X,15,v,13,v,45,v
72,1088,1,17,v,21,v,17,v,41,v,17,v,50,X,17,v,14,v,48,v
72,1192,1,17,v,22,v,18,v,44,v,18,v,54,X,18,v,13,v,51,v
72,1295,1,212,v,26,v,21,v,53,v,19,v,61,X,19,v,13,v,56,v
72,1399,1,21,v,26,v,19,v,51,v,18,v,63,X,19,v,13,v,59,v
72,1503,1,21,v,26,v,20,v,51,v,19,v,65,X,19,v,13,v,62,v
73,53,73,9,v,7,v,5,v,7,v,5,v,8,X,5,v,4,v,7,v
73,159,25,11,v,9,v,8,v,13,v,8,X,15,X,8,v,7,v,14,v
73,266,4,10,v,11,v,9,v,16,v,9,X,19,X,9,v,7,v,17,v
73,373,1,11,v,12,v,10,v,18,v,10,v,23,X,10,v,8,v,21,v
73,479,1,12,v,14,v,11,v,22,v,11,v,27,X,11,v,9,v,25,v
73,586,1,13,v,15,v,12,v,25,v,12,v,32,X,12,v,10,v,29,v
73,692,1,15,v,16,v,13,v,29,v,13,v,36,X,13,v,10,v,34,v
73,799,1,15,v,18,v,15,v,33,v,14,v,41,X,14,v,12,v,38,v
73,905,1,16,v,20,v,15,v,34,v,15,v,43,X,14,v,12,v,40,v
73,1012,1,16,v,20,v,16,v,41,v,16,v,50,X,16,v,13,v,47,v
73,1119,1,17,v,21,v,17,v,42,v,16,v,52,X,16,v,13,v,49,v
73,1225,1,19,v,23,v,18,v,44,v,18,v,55,X,17,v,14,v,52,v
73,1332,1,20,v,25,v,19,v,45,v,19,v,58,X,18,v,15,v,67,v
73,1438,1,20,v,26,v,19,v,50,v,19,v,63,X,19,v,16,v,60,v
73,1545,1,21,v,28,v,20,v,52,v,20,v,66,X,20,v,16,v,63,v
74,54,73,10,v,7,v,5,v,7,v,5,X,8,X,5,v,4,v,8,v
74,164,24,11,v,10,v,8,v,12,v,8,X,15,X,8,v,7,v,13,v
74,273,8,12,v,11,v,9,v,15,v,9,X,19,X,9,v,7,v,17,v
74,383,2,12,v,12,v,10,v,20,v,10,v,24,X,10,v,8,v,23,v
74,492,1,12,v,13,v,11,v,22,v,11,v,28,X,11,v,9,v,26,v
74,602,1,13,v,15,v,12,v,27,v,12,v,33,X,13,v,10,v,31,v
74,711,1,15,v,16,v,13,v,38,v,14,v,37,X,13,v,11,v,34,v
74,821,1,15,v,18,v,14,v,33,v,14,v,41,X,14,v,11,v,38,v
74,930,1,17,v,19,v,15,v,36,v,16,v,45,X,16,v,13,v,43,v
74,1040,1,17,v,21,v,16,v,40,v,17,v,50,X,16,v,13,v,47,v
74,1149,1,19,v,23,v,18,v,44,v,18,v,54,X,18,v,14,v,51,v
74,1259,1,19,v,23,v,18,v,44,v,18,v,56,X,18,v,15,v,53,v
74,1368,1,20,v,34,v,19,v,48,v,19,v,60,X,19,v,15,v,57,v
74,1478,1,21,v,26,v,20,v,52,v,20,v,66,X,20,v,16,v,62,v
74,1588,1,21,v,28,v,21,v,56,v,21,v,70,X,21,v,17,v,66,v
75,56,74,10,v,7,v,6,v,8,v,5,X,9,X,5,v,4,v,8,v
75,168,21,11,v,10,v,8,v,15,v,9,X,17,X,8,v,7,v,15,v
75,281,7,10,v,11,v,10,v,16,v,9,X,20,X,9,v,7,v,18,v
75,393,2,11,v,12,v,10,v,19,v,10,v,24,X,11,v,8,v,22,v
75,506,1,12,v,14,v,12,v,24,v,11,v,29,X,11,v,9,v,27,v
75,618,1,15,v,15,v,13,v,28,v,13,v,34,X,13,v,10,v,43,v
75,731,1,14,v,17,v,14,v,30,v,14,v,37,X,14,v,11,v,35,v
75,843,1,17,v,19,v,15,v,36,v,15,v,43,X,14,v,12,v,41,v
75,956,1,17,v,20,v,16,v,36,v,16,v,45,X,16,v,13,v,42,v
75,1068,1,18,v,22,v,17,v,42,v,17,v,51,X,17,v,14,v,48,v
75,1181,1,18,v,22,v,18,v,42,v,18,v,53,X,17,v,14,v,50,v
75,1293,1,20,v,24,v,19,v,45,v,19,v,57,X,19,v,15,v,54,v
75,1406,1,21,v,26,v,20,v,51,v,20,v,64,X,19,v,16,v,61,v
75,1518,1,22,v,27,v,20,v,54,v,21,v,67,X,20,v,17,v,64,v
75,1631,1,24,v,29,v,22,v,59,v,21,v,74,X,21,v,18,v,68,v
76,57,74,10,v,8,v,6,v,8,v,5,X,9,X,5,v,4,v,8,v
76,173,23,11,v,10,v,8,v,14,v,9,X,16,X,8,v,7,v,15,v
76,288,7,11,v,11,v,10,v,16,v,10,X,20,X,9,v,8,v,18,v
76,404,1,11,v,13,v,11,v,20,v,11,v,24,X,11,v,9,v,23,v
76,519,1,13,v,15,v,12,v,28,v,12,v,32,X,12,v,9,v,30,v
76,635,1,14,v,16,v,13,v,27,v,13,v,33,X,13,v,10,v,32,v
76,750,1,16,v,17,v,14,v,32,v,14,v,39,X,14,v,11,v,37,v
76,866,1,16,v,19,v,15,v,33,v,15,v,41,X,15,v,12,v,39,v
76,981,1,16,v,21,v,16,v,40,v,16,v,49,X,15,v,13,v,46,v
76,1097,1,18,v,22,v,17,v,42,v,17,v,51,X,17,v,14,v,49,v
76,1212,1,19,v,23,v,18,v,45,v,18,v,55,X,18,v,14,v,53,v
76,1328,1,20,v,25,v,19,v,49,v,19,v,61,X,19,v,15,v,58,v
76,1443,1,21,v,26,v,20,v,54,v,20,v,66,X,20,v,16,v,62,v
76,1559,1,22,v,28,v,21,v,55,v,21,v,69,X,21,v,17,v,65,v
76,1675,1,22,v,30,v,22,v,58,v,22,v,73,X,22,v,18,v,69,v
77,59,76,10,v,7,v,5,v,8,v,5,X,9,X,5,v,4,v,8,v
77,177,30,13,v,11,v,9,v,14,v,9,X,17,X,8,v,17,v,16,v
77,296,4,11,v,12,v,10,v,17,v,10,X,21,X,10,v,8,v,19,v
77,415,4,12,v,13,v,11,v,20,v,11,X,25,X,11,v,8,v,23,v
77,533,1,13,v,15,v,12,v,24,v,12,v,30,X,12,v,10,v,28,v
77,652,1,14,v,17,v,14,v,30,v,13,v,35,X,14,v,11,v,33,v
77,770,1,15,v,18,v,14,v,34,v,14,v,41,X,14,v,11,v,38,v
77,889,1,17,v,19,v,16,v,35,v,15,v,43,X,16,v,13,v,41,v
77,1007,1,18,v,21,v,16,v,40,v,17,v,50,X,16,v,14,v,46,v
77,1126,1,19,v,22,v,17,v,42,v,17,v,52,X,17,v,14,v,60,v
77,1245,1,20,v,24,v,18,v,47,v,19,v,58,X,18,v,15,v,55,v
77,1363,1,20,v,25,v,19,v,47,v,19,v,59,X,19,v,15,v,56,v
77,1482,1,21,v,27,v,21,v,54,v,21,v,68,X,20,v,17,v,64,v
77,1600,1,22,v,28,v,21,v,55,v,21,v,71,X,21,v,17,v,66,v
77,1719,1,24,v,30,v,23,v,61,v,23,v,78,X,23,v,18,v,73,v
78,60,77,10,v,8,v,6,v,8,v,6,X,9,X,5,v,5,v,8,v
78,182,23,12,v,10,v,9,v,15,v,9,X,17,X,9,v,7,v,16,v
78,304,5,12,v,12,v,10,v,19,v,10,X,23,X,10,v,8,v,21,v
78,425,4,13,v,13,v,11,v,22,v,11,X,27,X,11,v,9,v,25,v
78,547,1,13,v,15,v,12,v,26,v,12,v,33,X,12,v,9,v,29,v
78,669,1,14,v,17,v,14,v,29,v,13,v,35,X,13,v,11,v,33,v
78,790,1,17,v,19,v,15,v,35,v,15,v,42,X,15,v,12,v,39,v
78,912,1,17,v,20,v,16,v,37,v,16,v,46,X,16,v,11,v,43,v
78,1034,1,18,v,21,v,17,v,38,v,17,v,48,X,16,v,12,v,46,v
78,1155,1,19,v,23,v,18,v,43,v,18,v,53,X,17,v,12,v,50,v
78,1277,1,20,v,25,v,19,v,46,v,19,v,58,X,19,v,13,v,55,v
78,1399,1,21,v,25,v,20,v,49,v,20,v,62,X,20,v,13,v,58,v
78,1520,1,21,v,27,v,21,v,55,v,21,v,68,X,20,v,14,v,65,v
78,1642,1,22,v,29,v,22,v,56,v,22,v,72,X,22,v,14,v,68,v
78,1764,1,23,v,30,v,22,v,66,v,23,v,81,X,22,v,15,v,76,v
79,62,79,10,v,7,v,6,v,8,v,6,v,9,X,5,v,4,v,8,v
79,187,17,12,v,11,v,9,v,14,v,9,X,17,X,9,v,7,v,16,v
79,312,5,11,v,12,v,10,v,18,v,10,X,22,X,10,v,8,v,20,v
79,436,1,12,v,13,v,11,v,22,v,11,v,27,X,11,v,9,v,25,v
79,561,1,13,v,15,v,13,v,26,v,12,v,32,X,13,v,10,v,30,v
79,686,1,15,v,17,v,14,v,30,v,14,v,38,X,14,v,10,v,35,v
79,811,1,17,v,19,v,15,v,32,v,15,v,42,X,15,v,11,v,39,v
79,936,1,17,v,20,v,16,v,36,v,16,v,45,X,16,v,12,v,43,v
79,1060,1,18,v,22,v,17,v,43,v,17,v,52,X,18,v,12,v,50,v
79,1185,1,19,v,24,v,18,v,45,v,19,v,56,X,18,v,13,v,54,v
79,1310,1,20,v,25,v,19,v,50,v,19,v,62,X,19,v,13,v,58,v
79,1435,1,21,v,27,v,20,v,52,v,21,v,65,X,34,v,14,v,62,v
79,1560,1,21,v,28,v,21,v,57,v,21,v,71,X,21,v,14,v,69,v
79,1685,1,23,v,30,v,22,v,59,v,23,v,75,X,23,v,15,v,70,v
79,1809,1,24,v,31,v,23,v,65,v,24,v,81,X,23,v,16,v,78,v
80,63,80,11,v,8,v,6,v,8,v,6,v,9,X,5,v,5,v,8,v
80,191,21,13,v,11,v,9,v,15,v,10,X,18,X,9,v,7,v,16,v
80,319,5,11,v,12,v,10,v,18,v,10,X,22,X,10,v,8,v,20,v
80,447,1,13,v,13,v,12,v,23,v,12,v,28,X,11,v,10,v,26,v
80,575,1,14,v,15,v,13,v,26,v,13,v,32,X,13,v,11,v,30,v
80,703,1,16,v,17,v,14,v,30,v,14,v,38,X,14,v,11,v,35,v
80,831,1,17,v,19,v,16,v,37,v,16,v,44,X,16,v,13,v,42,v
80,959,1,18,v,20,v,16,v,39,v,17,v,50,X,17,v,13,v,45,v
80,1087,1,18,v,22,v,17,v,43,v,18,v,53,X,17,v,14,v,50,v
80,1215,1,20,v,23,v,18,v,44,v,19,v,56,X,19,v,15,v,53,v
80,1343,1,21,v,26,v,19,v,51,v,20,v,63,X,20,v,16,v,60,v
80,1471,1,22,v,27,v,20,v,54,v,21,v,68,X,21,v,17,v,64,v
80,1599,1,22,v,29,v,22,v,56,v,22,v,71,X,22,v,18,v,67,v
80,1727,1,23,v,30,v,23,v,62,v,23,v,78,X,24,v,19,v,73,v
80,1855,1,24,v,32,v,24,v,66,v,24,v,85,X,24,v,19,v,78,v
81,65,81,10,v,8,v,6,v,8,v,6,v,9,X,5,v,5,v,9,v
81,196,21,12,v,11,v,9,v,14,v,9,X,17,X,9,v,7,v,16,v
81,328,3,11,v,12,v,10,v,21,v,10,X,25,X,10,v,8,v,23,v
81,459,3,12,v,14,v,12,v,23,v,11,X,29,X,12,v,9,v,26,v
81,590,1,15,v,16,v,13,v,27,v,13,v,34,X,13,v,11,v,31,v
81,721,1,16,v,18,v,15,v,31,v,14,v,38,X,14,v,11,v,36,v
81,852,1,17,v,19,v,16,v,35,v,16,v,44,X,16,v,13,v,41,v
81,984,1,18,v,21,v,26,v,41,v,17,v,49,X,17,v,13,v,46,v
81,1115,1,19,v,23,v,18,v,45,v,18,v,55,X,18,v,15,v,52,v
81,1246,1,20,v,25,v,19,v,49,v,19,v,60,X,19,v,16,v,57,v
81,1377,1,21,v,26,v,20,v,49,v,20,v,63,X,20,v,16,v,59,v
81,1509,1,21,v,27,v,21,v,53,v,21,v,68,X,21,v,17,v,64,v
81,1640,1,22,v,29,v,22,v,58,v,23,v,74,X,22,v,18,v,69,v
81,1771,1,23,v,31,v,23,v,62,v,23,v,78,X,23,v,19,v,74,v
81,1902,1,24,v,33,v,24,v,67,v,25,v,84,X,24,v,20,v,79,v
82,67,70,12,v,8,v,6,v,9,v,6,X,11,X,6,v,5,v,9,v
82,201,18,12,v,11,v,9,v,15,v,9,X,18,X,9,v,7,v,16,v
82,336,4,12,v,12,v,11,v,19,v,11,X,23,X,11,v,8,v,21,v
82,470,1,12,v,14,v,12,v,23,v,12,v,28,X,12,v,10,v,26,v
82,605,1,15,v,16,v,13,v,28,v,13,v,34,X,13,v,11,v,32,v
82,739,1,16,v,18,v,15,v,33,v,15,v,40,X,15,v,12,v,37,v
82,874,1,17,v,20,v,16,v,36,v,16,v,45,X,16,v,13,v,43,v
82,1008,1,18,v,21,v,17,v,39,v,17,v,48,X,17,v,14,v,46,v
82,1143,1,19,v,23,v,19,v,44,v,19,v,55,X,19,v,15,v,52,v
82,1277,1,20,v,24,v,19,v,48,v,20,v,59,X,19,v,16,v,57,v
82,1412,1,24,v,26,v,20,v,50,v,20,v,63,X,20,v,16,v,60,v
82,1546,1,22,v,28,v,21,v,53,v,22,v,68,X,22,v,18,v,64,v
82,1680,1,23,v,30,v,23,v,59,v,23,v,74,X,22,v,18,v,70,v
82,1815,1,23,v,31,v,23,v,62,v,24,v,78,X,23,v,19,v,74,v
82,1949,1,24,v,34,v,25,v,66,v,25,v,86,X,25,v,20,v,79,v
83,68,83,11,v,8,v,6,v,8,v,5,v,9,X,5,v,5,v,8,v
83,206,17,13,v,11,v,9,v,15,v,9,X,19,X,9,v,7,v,16,v
83,344,3,11,v,12,v,11,v,19,v,10,X,24,X,11,v,8,v,21,v
83,482,1,14,v,15,v,13,v,28,v,13,v,32,X,14,v,10,v,30,v
83,620,1,16,v,16,v,14,v,28,v,14,v,34,X,14,v,10,v,32,v
83,757,1,17,v,17,v,15,v,33,v,15,v,41,X,16,v,11,v,39,v
83,895,1,17,v,20,v,16,v,37,v,16,v,46,X,17,v,12,v,43,v
83,1033,1,36,v,21,v,17,v,41,v,17,v,51,X,17,v,12,v,48,v
83,1171,1,19,v,24,v,19,v,44,v,19,v,56,X,19,v,13,v,52,v
83,1308,1,21,v,25,v,20,v,49,v,20,v,61,X,20,v,14,v,58,v
83,1446,1,22,v,28,v,21,v,51,v,21,v,65,X,21,v,14,v,62,v
83,1584,1,22,v,29,v,22,v,55,v,22,v,70,X,22,v,15,v,66,v
83,1722,1,23,v,30,v,23,v,61,v,24,v,78,X,23,v,16,v,72,v
83,1860,1,24,v,32,v,24,v,66,v,24,v,82,X,24,v,16,v,78,v
83,1997,1,33,v,34,v,25,v,68,v,26,v,85,X,25,v,17,v,81,v
84,70,84,11,v,8,v,6,v,9,v,6,v,10,X,5,v,5,v,9,v
84,211,11,12,v,11,v,10,v,15,v,10,X,18,X,9,v,8,v,17,v
84,352,3,12,v,13,v,11,v,21,v,11,X,25,X,11,v,9,v,23,v
84,493,1,13,v,15,v,13,v,24,v,12,v,30,X,12,v,10,v,28,v
84,635,1,16,v,17,v,14,v,31,v,14,v,38,X,14,v,11,v,36,v
84,776,1,17,v,19,v,15,v,34,v,15,v,41,X,16,v,12,v,38,v
84,917,1,18,v,21,v,17,v,36,v,17,v,46,X,17,v,13,v,43,v
84,1058,1,19,v,22,v,18,v,42,v,18,v,52,X,18,v,15,v,49,v
84,1199,1,20,v,24,v,19,v,46,v,19,v,57,X,19,v,15,v,54,v
84,1340,1,21,v,26,v,20,v,66,v,20,v,65,X,20,v,16,v,61,v
84,1481,1,22,v,28,v,21,v,54,v,22,v,68,X,21,v,18,v,64,v
84,1622,1,23,v,30,v,22,v,60,v,22,v,74,X,22,v,18,v,70,v
84,1763,1,23,v,31,v,24,v,63,v,24,v,79,X,23,v,19,v,74,v
84,1905,1,24,v,33,v,25,v,80,v,26,v,85,X,25,v,20,v,79,v
84,2046,1,25,v,35,v,26,v,68,v,26,v,87,X,25,v,21,v,82,v
85,72,84,11,v,8,v,6,v,9,v,6,X,10,X,6,v,5,v,9,v
85,216,22,13,v,12,v,10,v,16,v,10,X,19,X,10,v,8,v,16,v
85,361,3,12,v,13,v,11,v,21,v,11,X,25,X,11,v,9,v,23,v
85,505,2,14,v,15,v,12,v,25,v,12,X,31,X,12,v,10,v,29,v
85,650,1,16,v,17,v,14,v,30,v,14,v,36,X,14,v,11,v,34,v
85,794,1,17,v,19,v,16,v,35,v,16,v,43,X,16,v,13,v,40,v
85,939,1,18,v,20,v,16,v,39,v,17,v,48,X,17,v,13,v,45,v
85,1083,1,19,v,22,v,18,v,43,v,18,v,53,X,18,v,14,v,50,v
85,1228,1,21,v,25,v,19,v,49,v,20,v,59,X,19,v,16,v,56,v
85,1372,1,21,v,26,v,20,v,53,v,21,v,66,X,20,v,17,v,62,v
85,1517,1,22,v,28,v,22,v,55,v,22,v,69,X,22,v,18,v,65,v
85,1661,1,23,v,30,v,23,v,62,v,23,v,76,X,23,v,19,v,72,v
85,1806,1,24,v,32,v,24,v,65,v,25,v,81,X,24,v,19,v,76,v
85,1950,1,25,v,34,v,25,v,70,v,25,v,87,X,25,v,20,v,82,v
85,2095,1,26,v,36,v,26,v,69,v,26,v,98,X,26,v,21,v,84,v
86,73,78,11,v,9,v,6,v,10,v,7,X,10,X,6,v,5,v,9,v
86,221,17,13,v,11,v,10,v,17,v,10,X,19,X,10,v,8,v,18,v
86,369,6,13,v,14,v,12,v,21,v,11,X,26,X,11,v,9,v,23,v
86,517,1,13,v,15,v,13,v,26,v,13,v,31,X,13,v,11,v,30,v
86,665,1,16,v,17,v,15,v,29,v,14,v,36,X,14,v,11,v,34,v
86,813,1,17,v,19,v,16,v,36,v,16,v,44,X,16,v,13,v,41,v
86,961,1,19,v,20,v,17,v,40,v,17,v,49,X,18,v,14,v,46,v
86,1109,1,20,v,22,v,18,v,42,v,19,v,53,X,18,v,15,v,61,v
86,1257,1,20,v,25,v,19,v,54,v,20,v,64,X,19,v,16,v,60,v
86,1405,1,22,v,26,v,20,v,53,v,21,v,67,X,20,v,17,v,63,v
86,1553,1,23,v,29,v,22,v,56,v,22,v,71,X,22,v,18,v,67,v
86,1701,1,24,v,30,v,23,v,61,v,23,v,77,X,23,v,19,v,72,v
86,1848,1,25,v,32,v,24,v,66,v,25,v,83,X,24,v,20,v,78,v
86,1996,1,25,v,34,v,26,v,72,v,26,v,90,X,25,v,21,v,85,v
86,2144,1,27,v,36,v,27,v,76,v,27,v,95,X,26,v,22,v,89,v
87,75,87,11,v,8,v,6,v,9,v,6,v,10,X,6,v,5,v,10,v
87,227,17,13,v,12,v,10,v,17,v,10,X,20,X,10,v,8,v,18,v
87,378,2,12,v,14,v,11,v,33,v,12,X,26,X,12,v,9,v,24,v
87,529,1,15,v,15,v,13,v,26,v,13,v,32,X,13,v,11,v,30,v
87,681,1,16,v,18,v,15,v,31,v,15,v,37,X,14,v,12,v,36,v
87,832,1,18,v,19,v,16,v,35,v,16,v,43,X,16,v,12,v,41,v
87,983,1,18,v,21,v,17,v,40,v,17,v,50,X,17,v,14,v,47,v
87,1135,1,20,v,23,v,19,v,46,v,19,v,57,X,19,v,15,v,53,v
87,1286,1,23,v,26,v,20,v,50,v,20,v,61,X,20,v,16,v,58,v
87,1438,1,23,v,28,v,22,v,54,v,22,v,67,X,22,v,18,v,63,v
87,1589,1,23,v,29,v,22,v,58,v,23,v,73,X,23,v,18,v,69,v
87,1740,1,24,v,31,v,23,v,60,v,24,v,76,X,24,v,19,v,72,v
87,1892,1,25,v,33,v,25,v,68,v,25,v,85,X,25,v,20,v,80,v
87,2043,1,26,v,36,v,26,v,72,v,27,v,91,X,27,v,21,v,85,v
87,2195,1,27,v,37,v,27,v,74,v,28,v,94,X,27,v,22,v,90,v
88,77,88,12,v,9,v,7,v,9,v,6,v,10,X,6,v,5,v,9,v
88,232,17,13,v,12,v,10,v,17,v,10,X,20,X,10,v,8,v,18,v
88,387,4,13,v,14,v,12,v,22,v,12,X,27,X,12,v,10,v,24,v
88,542,1,14,v,16,v,13,v,28,v,13,v,34,X,13,v,11,v,32,v
88,696,1,17,v,18,v,15,v,31,v,15,v,38,X,15,v,12,v,36,v
88,851,1,18,v,20,v,17,v,36,v,17,v,45,X,16,v,13,v,42,v
88,1006,1,19,v,23,v,18,v,40,v,18,v,50,X,18,v,15,v,47,v
88,1161,1,20,v,24,v,19,v,46,v,19,v,56,X,19,v,15,v,53,v
88,1316,1,21,v,25,v,20,v,51,v,20,v,62,X,20,v,16,v,59,v
88,1471,1,22,v,28,v,22,v,54,v,22,v,67,X,22,v,17,v,73,v
88,1626,1,24,v,30,v,23,v,59,v,23,v,74,X,30,v,19,v,70,v
88,1781,1,25,v,32,v,24,v,64,v,25,v,82,X,24,v,20,v,75,v
88,1935,1,25,v,34,v,26,v,67,v,26,v,87,X,25,v,21,v,79,v
88,2090,1,26,v,36,v,36,v,76,v,27,v,94,X,27,v,22,v,88,v
88,2245,1,27,v,37,v,27,v,82,v,28,v,101,X,27,v,22,v,96,v
89,79,89,12,v,8,v,6,v,10,v,6,v,11,X,6,v,5,v,9,v
89,237,15,14,v,13,v,11,v,19,v,11,X,20,X,10,v,9,v,19,v
89,396,5,13,v,14,v,12,v,23,v,13,X,27,X,13,v,10,v,24,v
89,554,2,16,v,16,v,14,v,28,v,13,v,33,X,14,v,11,v,31,v
89,712,1,17,v,18,v,15,v,35,v,15,v,41,X,15,v,12,v,39,v
89,871,1,18,v,20,v,17,v,40,v,17,v,48,X,17,v,14,v,45,v
89,1029,1,20,v,23,v,18,v,41,v,18,v,51,X,18,v,15,v,48,v
89,1188,1,20,v,25,v,20,v,45,v,20,v,56,X,19,v,16,v,53,v
89,1346,1,22,v,26,v,21,v,53,v,21,v,65,X,21,v,17,v,61,v
89,1504,1,23,v,29,v,22,v,55,v,22,v,69,X,22,v,18,v,65,v
89,1663,1,24,v,31,v,23,v,59,v,23,v,74,X,23,v,18,v,70,v
89,1821,1,25,v,32,v,24,v,61,v,25,v,79,X,24,v,20,v,75,v
89,1980,1,26,v,35,v,26,v,69,v,26,v,88,X,25,v,21,v,83,v
89,2138,1,26,v,37,v,27,v,73,v,27,v,93,X,27,v,22,v,98,v
89,2297,1,28,v,38,v,28,v,76,v,29,v,101,X,28,v,23,v,93,v
90,80,89,11,v,9,v,6,v,9,v,6,X,11,X,6,v,5,v,10,v
90,242,14,13,v,13,v,10,v,17,v,11,X,20,X,10,v,8,v,19,v
90,404,2,14,v,15,v,12,v,23,v,12,v,28,X,12,v,10,v,26,v
90,566,1,16,v,16,v,14,v,27,v,13,v,33,X,14,v,11,v,31,v
90,728,1,17,v,19,v,15,v,32,v,15,v,40,X,16,v,12,v,38,v
90,890,1,18,v,21,v,17,v,41,v,17,v,49,X,17,v,14,v,56,v
90,1052,1,19,v,23,v,18,v,43,v,18,v,53,X,18,v,15,v,51,v
90,1214,1,21,v,24,v,19,v,46,v,20,v,58,X,19,v,16,v,55,v
90,1376,1,22,v,27,v,21,v,50,v,21,v,64,X,21,v,17,v,60,v
90,1538,1,23,v,29,v,22,v,56,v,23,v,71,X,23,v,18,v,66,v
90,1700,1,25,v,50,v,26,v,63,v,25,v,75,X,25,v,17,v,72,v
90,1862,1,25,v,33,v,26,v,72,v,26,v,88,X,25,v,17,v,82,v
90,2024,1,26,v,34,v,26,v,71,v,27,v,89,X,26,v,17,v,85,v
90,2186,1,27,v,37,v,28,v,73,v,28,v,93,X,28,v,18,v,88,v
90,2348,1,28,v,39,v,29,v,81,v,29,v,101,X,28,v,19,v,96,v
91,82,88,11,v,9,v,7,v,10,v,7,X,11,X,6,v,6,v,10,v
91,248,14,13,v,13,v,11,v,18,v,11,X,21,X,11,v,9,v,20,v
91,414,2,13,v,15,v,13,v,25,v,13,v,29,X,13,v,10,v,26,v
91,579,1,16,v,17,v,14,v,29,v,14,v,35,X,14,v,11,v,33,v
91,745,1,18,v,18,v,16,v,34,v,16,v,41,X,16,v,13,v,38,v
91,910,1,18,v,21,v,17,v,38,v,18,v,47,X,18,v,14,v,58,v
91,1076,1,20,v,23,v,18,v,44,v,19,v,53,X,18,v,15,v,51,v
91,1242,1,21,v,25,v,20,v,48,v,20,v,59,X,20,v,16,v,56,v
91,1407,1,22,v,28,v,21,v,52,v,22,v,65,X,21,v,17,v,62,v
91,1573,1,23,v,30,v,23,v,60,v,23,v,73,X,23,v,19,v,70,v
91,1739,1,25,v,32,v,24,v,64,v,25,v,78,X,24,v,20,v,75,v
91,1904,1,25,v,33,v,25,v,65,v,25,v,83,X,25,v,21,v,79,v
91,2070,1,27,v,37,v,27,v,70,v,27,v,89,X,27,v,22,v,85,v
91,2235,1,28,v,37,v,28,v,75,v,28,v,96,X,28,v,35,v,91,v
91,2401,1,29,v,40,v,29,v,81,v,30,v,103,X,29,v,24,v,97,v
92,84,86,13,v,9,v,7,v,11,v,7,X,12,X,7,v,6,v,11,v
92,253,14,14,v,13,v,11,v,20,v,11,X,23,X,11,v,9,v,21,v
92,423,2,13,v,15,v,13,v,23,v,13,v,28,X,13,v,10,v,26,v
92,592,1,16,v,17,v,15,v,29,v,14,v,35,X,14,v,12,v,33,v
92,761,1,18,v,19,v,16,v,35,v,16,v,42,X,16,v,13,v,40,v
92,931,1,19,v,21,v,30,v,40,v,18,v,49,X,18,v,14,v,45,v
92,1100,1,20,v,23,v,19,v,44,v,19,v,54,X,19,v,15,v,51,v
92,1269,1,21,v,26,v,20,v,52,v,20,v,62,X,21,v,16,v,59,v
92,1438,1,23,v,28,v,22,v,53,v,22,v,67,X,22,v,18,v,63,v
92,1608,1,24,v,30,v,24,v,57,v,24,v,71,X,23,v,19,v,68,v
92,1777,1,26,v,32,v,25,v,61,v,26,v,78,X,25,v,20,v,74,v
92,1946,1,26,v,34,v,26,v,67,v,26,v,85,X,26,v,21,v,81,v
92,2115,1,27,v,37,v,27,v,76,v,27,v,94,X,27,v,22,v,88,v
92,2285,1,38,v,39,v,28,v,77,v,29,v,97,X,29,v,24,v,93,v
92,2454,1,29,v,41,v,30,v,81,v,30,v,104,X,30,v,25,v,98,v
93,86,93,13,v,9,v,7,v,9,v,7,v,11,X,6,v,5,v,10,v
93,259,23,15,v,13,v,11,v,19,v,11,X,22,X,11,v,9,v,20,v
93,432,1,15,v,15,v,13,v,24,v,13,v,30,X,13,v,11,v,27,v
93,605,1,16,v,18,v,14,v,30,v,15,v,36,X,14,v,12,v,34,v
93,778,1,18,v,20,v,16,v,34,v,16,v,42,X,16,v,13,v,51,v
93,951,1,20,v,22,v,18,v,41,v,18,v,50,X,17,v,14,v,47,v
93,1124,1,20,v,24,v,20,v,48,v,19,v,57,X,19,v,16,v,54,v
93,1297,1,22,v,26,v,20,v,51,v,20,v,62,X,20,v,16,v,59,v
93,1470,1,23,v,29,v,22,v,58,v,22,v,70,X,22,v,18,v,67,v
93,1643,1,24,v,31,v,23,v,59,v,23,v,83,X,23,v,19,v,70,v
93,1816,1,25,v,33,v,25,v,63,v,25,v,80,X,25,v,20,v,75,v
93,1989,1,26,v,35,v,26,v,68,v,26,v,87,X,26,v,22,v,82,v
93,2162,1,27,v,37,v,28,v,74,v,28,v,94,X,27,v,22,v,89,v
93,2335,1,28,v,41,v,29,v,78,v,29,v,99,X,28,v,24,v,94,v
93,2508,1,30,v,41,v,31,v,86,v,31,v,108,X,30,v,25,v,103,v
94,88,94,13,v,9,v,7,v,10,v,7,v,11,X,6,v,5,v,10,v
94,265,16,14,v,13,v,11,v,19,v,11,X,22,X,11,v,9,v,20,v
94,441,5,16,v,16,v,13,v,26,v,13,X,31,X,13,v,11,v,28,v
94,618,3,17,v,18,v,16,v,29,v,15,X,46,X,16,v,12,v,34,v
94,795,1,19,v,20,v,17,v,37,v,17,v,45,X,17,v,14,v,42,v
94,971,1,20,v,22,v,18,v,43,v,18,v,52,X,18,v,14,v,49,v
94,1148,1,21,v,24,v,19,v,45,v,20,v,56,X,20,v,16,v,53,v
94,1325,1,22,v,27,v,21,v,53,v,21,v,63,X,22,v,17,v,60,v
94,1502,1,23,v,28,v,22,v,58,v,23,v,71,X,23,v,16,v,66,v
94,1678,1,25,v,31,v,24,v,61,v,25,v,76,X,24,v,17,v,72,v
94,1855,1,26,v,33,v,25,v,66,v,25,v,83,X,25,v,17,v,79,v
94,2032,1,27,v,36,v,26,v,72,v,27,v,90,X,27,v,18,v,85,v
94,2208,1,28,v,37,v,28,v,76,v,29,v,96,X,29,v,19,v,90,v
94,2385,1,30,v,40,v,29,v,77,v,30,v,99,X,30,v,20,v,94,v
94,2562,1,31,v,42,v,31,v,87,v,31,v,109,X,30,v,20,v,103,v
95,90,95,14,v,9,v,7,v,10,v,7,v,12,X,6,v,6,v,10,v
95,270,9,13,v,13,v,12,v,33,v,13,X,22,X,11,v,10,v,20,v
95,451,4,16,v,15,v,13,v,24,v,13,X,29,X,13,v,11,v,27,v
95,631,1,18,v,18,v,15,v,31,v,15,v,37,X,15,v,12,v,35,v
95,812,1,19,v,20,v,17,v,36,v,17,v,45,X,18,v,14,v,41,v
95,992,1,20,v,23,v,18,v,43,v,19,v,51,X,18,v,15,v,48,v
95,1173,1,22,v,25,v,20,v,48,v,20,v,58,X,20,v,16,v,54,v
95,1353,1,23,v,27,v,22,v,51,v,22,v,63,X,22,v,16,v,60,v
95,1534,1,24,v,30,v,23,v,58,v,23,v,72,X,23,v,16,v,67,v
95,1714,1,25,v,31,v,24,v,65,v,25,v,95,X,25,v,17,v,76,v
95,1895,1,27,v,35,v,26,v,65,v,26,v,83,X,26,v,17,v,78,v
95,2075,1,28,v,37,v,27,v,83,v,28,v,90,X,28,v,18,v,86,v
95,2256,1,29,v,39,v,29,v,78,v,29,v,99,X,29,v,19,v,94,v
95,2436,1,30,v,40,v,30,v,86,v,30,v,106,X,30,v,19,v,100,v
95,2617,1,31,v,58,v,31,v,86,v,32,v,112,X,31,v,21,v,103,v
96,92,95,14,v,10,v,7,v,10,v,7,X,12,X,7,v,6,v,11,v
96,276,10,14,v,13,v,12,v,19,v,12,X,23,X,12,v,10,v,21,v
96,460,1,15,v,16,v,14,v,27,v,14,v,32,X,14,v,11,v,30,v
96,645,1,17,v,18,v,15,v,30,v,15,v,37,X,15,v,12,v,35,v
96,829,1,19,v,20,v,17,v,36,v,17,v,44,X,18,v,14,v,41,v
96,1013,1,20,v,23,v,19,v,43,v,19,v,52,X,19,v,16,v,49,v
96,1198,1,21,v,25,v,61,v,49,v,21,v,58,X,21,v,17,v,55,v
96,1382,1,23,v,28,v,21,v,51,v,22,v,64,X,21,v,17,v,61,v
96,1566,1,25,v,30,v,23,v,56,v,23,v,71,X,23,v,19,v,67,v
96,1751,1,26,v,32,v,25,v,64,v,25,v,80,X,25,v,20,v,76,v
96,1935,1,26,v,35,v,39,v,70,v,27,v,87,X,26,v,22,v,82,v
96,2119,1,28,v,37,v,28,v,77,v,28,v,95,X,28,v,23,v,90,v
96,2303,1,29,v,39,v,29,v,77,v,29,v,99,X,29,v,24,v,94,v
96,2488,1,30,v,42,v,31,v,101,v,32,v,111,X,32,v,25,v,104,v
96,2672,1,32,v,45,v,32,v,91,v,32,v,114,X,32,v,27,v,107,v
97,94,92,12,v,9,v,7,v,10,v,7,X,12,X,7,v,6,v,11,v
97,282,15,15,v,14,v,12,v,19,v,12,X,23,X,12,v,10,v,21,v
97,470,4,14,v,17,v,14,v,25,v,14,X,31,X,14,v,11,v,28,v
97,658,1,17,v,18,v,16,v,31,v,15,v,38,X,15,v,13,v,36,v
97,846,1,19,v,36,v,18,v,41,v,18,v,48,X,18,v,14,v,46,v
97,1034,1,20,v,23,v,19,v,42,v,18,v,52,X,19,v,15,v,50,v
97,1223,1,21,v,25,v,20,v,48,v,21,v,60,X,21,v,17,v,56,v
97,1411,1,23,v,28,v,22,v,57,v,22,v,70,X,23,v,18,v,65,v
97,1599,1,24,v,30,v,24,v,60,v,24,v,75,X,24,v,19,v,71,v
97,1787,1,26,v,34,v,25,v,68,v,26,v,83,X,26,v,21,v,78,v
97,1975,1,26,v,35,v,27,v,69,v,27,v,88,X,27,v,22,v,83,v
97,2164,1,27,v,37,v,28,v,78,v,28,v,98,X,30,v,23,v,92,v
97,2352,1,29,v,40,v,30,v,84,v,30,v,105,X,29,v,24,v,99,v
97,2540,1,30,v,42,v,31,v,89,v,31,v,111,X,31,v,25,v,106,v
97,2728,1,32,v,45,v,33,v,93,v,33,v,120,X,32,v,27,v,109,v
98,96,97,12,v,10,v,7,v,10,v,7,X,12,X,7,v,6,v,11,v
98,288,12,14,v,14,v,12,v,20,v,12,X,23,X,12,v,10,v,21,v
98,480,1,16,v,16,v,14,v,27,v,14,v,32,X,14,v,11,v,30,v
98,672,1,18,v,19,v,16,v,33,v,16,v,40,X,16,v,13,v,37,v
98,864,1,19,v,21,v,18,v,37,v,18,v,45,X,18,v,14,v,42,v
98,1056,1,20,v,24,v,19,v,44,v,19,v,53,X,19,v,15,v,50,v
98,1248,1,22,v,27,v,21,v,50,v,21,v,62,X,21,v,17,v,58,v
98,1440,1,23,v,29,v,22,v,54,v,22,v,67,X,22,v,16,v,63,v
98,1632,1,25,v,30,v,24,v,60,v,24,v,75,X,24,v,16,v,70,v
98,1824,1,26,v,34,v,25,v,73,v,26,v,88,X,26,v,17,v,83,v
98,2016,1,28,v,37,v,27,v,72,v,28,v,91,X,27,v,19,v,85,v
98,2208,1,29,v,38,v,29,v,78,v,29,v,98,X,28,v,20,v,92,v
98,2400,1,30,v,41,v,31,v,82,v,30,v,104,X,30,v,20,v,98,v
98,2593,1,31,v,43,v,31,v,86,v,33,v,110,X,31,v,20,v,122,v
98,2785,1,32,v,46,v,33,v,93,v,33,v,118,X,33,v,22,v,111,v
99,98,99,13,v,9,v,7,v,10,v,7,v,12,X,7,v,6,v,11,v
99,294,13,15,v,14,v,12,v,19,v,12,X,23,X,13,v,10,v,21,v
99,490,2,16,v,16,v,14,v,26,v,13,v,31,X,14,v,11,v,29,v
99,686,1,18,v,19,v,17,v,32,v,17,v,39,X,17,v,13,v,36,v
99,882,1,20,v,22,v,18,v,36,v,18,v,46,X,18,v,15,v,43,v
99,1078,1,21,v,24,v,19,v,48,v,20,v,57,X,20,v,16,v,54,v
99,1274,1,22,v,26,v,21,v,51,v,21,v,63,X,21,v,17,v,59,v
99,1470,1,24,v,28,v,22,v,56,v,23,v,69,X,23,v,18,v,66,v
99,1666,1,25,v,32,v,24,v,61,v,24,v,76,X,24,v,20,v,72,v
99,1862,1,26,v,33,v,26,v,67,v,26,v,84,X,26,v,21,v,79,v
99,2058,1,28,v,36,v,28,v,73,v,28,v,93,X,28,v,23,v,87,v
99,2254,1,29,v,39,v,29,v,80,v,29,v,99,X,29,v,20,v,94,v
99,2450,1,30,v,42,v,31,v,85,v,31,v,108,X,30,v,20,v,102,v
99,2646,1,31,v,45,v,32,v,87,v,32,v,112,X,32,v,21,v,106,v
99,2842,1,33,v,48,v,34,v,96,v,34,v,121,X,34,v,22,v,116,v
100,99,96,13,v,10,v,8,v,11,v,7,X,13,X,7,v,6,v,11,v
100,299,18,15,v,15,v,12,v,21,v,12,X,25,X,13,v,10,v,22,v
100,499,3,16,v,17,v,14,v,26,v,14,v,32,X,15,v,11,v,30,v
100,699,1,18,v,20,v,16,v,33,v,17,v,41,X,17,v,13,v,39,v
100,899,1,19,v,22,v,18,v,39,v,18,v,48,X,18,v,14,v,45,v
100,1099,1,21,v,24,v,20,v,44,v,20,v,54,X,20,v,17,v,52,v
100,1299,1,22,v,27,v,22,v,53,v,22,v,65,X,22,v,18,v,61,v
100,1499,1,24,v,30,v,23,v,57,v,23,v,71,X,24,v,19,v,67,v
100,1699,1,26,v,32,v,25,v,61,v,25,v,76,X,26,v,21,v,72,v
100,1899,1,28,v,35,v,26,v,70,v,27,v,87,X,26,v,22,v,81,v
100,2099,1,28,v,37,v,27,v,70,v,28,v,101,X,28,v,22,v,85,v
100,2299,1,30,v,39,v,30,v,79,v,30,v,101,X,29,v,24,v,95,v
100,2499,1,30,v,41,v,31,v,86,v,31,v,108,X,31,v,26,v,102,v
100,2699,1,31,v,46,v,47,v,91,v,33,v,115,X,32,v,27,v,108,v
100,2899,1,33,v,47,v,34,v,95,v,35,v,125,X,35,v,28,v,115,v
